arrival_1,departure_1,socDelta_1,arrival_2,departure_2,socDelta_2,arrival_3,departure_3,socDelta_3,arrival_4,departure_4,socDelta_4,arrival_5,departure_5,socDelta_5,arrival_6,departure_6,socDelta_6,arrival_7,departure_7,socDelta_7,arrival_8,departure_8,socDelta_8,arrival_9,departure_9,socDelta_9,arrival_10,departure_10,socDelta_10,arrival_11,departure_11,socDelta_11,arrival_12,departure_12,socDelta_12,arrival_13,departure_13,socDelta_13,arrival_14,departure_14,socDelta_14,arrival_15,departure_15,socDelta_15,arrival_16,departure_16,socDelta_16,percentInHub,nRoute,maxDelta
0,23026,-318.983174961384,71610,73895,-5.34747346826801,76759,86400,0,NaN,NaN,NaN,NaN,NaN,NaN,NaN,NaN,NaN,NaN,NaN,NaN,NaN,NaN,NaN,NaN,NaN,NaN,NaN,NaN,NaN,NaN,NaN,NaN,NaN,NaN,NaN,NaN,NaN,NaN,NaN,NaN,NaN,NaN,NaN,NaN,NaN,NaN,NaN,40.4537037037037,3,-318.983174961384
0,65796,-23.241258309865,68316,69250,-5.72483117230996,70174,86400,0,NaN,NaN,NaN,NaN,NaN,NaN,NaN,NaN,NaN,NaN,NaN,NaN,NaN,NaN,NaN,NaN,NaN,NaN,NaN,NaN,NaN,NaN,NaN,NaN,NaN,NaN,NaN,NaN,NaN,NaN,NaN,NaN,NaN,NaN,NaN,NaN,NaN,NaN,NaN,96.0138888888889,3,-23.241258309865
0,21265,-236.732947247951,32877,64942,-5.19142598286101,66019,86400,0,NaN,NaN,NaN,NaN,NaN,NaN,NaN,NaN,NaN,NaN,NaN,NaN,NaN,NaN,NaN,NaN,NaN,NaN,NaN,NaN,NaN,NaN,NaN,NaN,NaN,NaN,NaN,NaN,NaN,NaN,NaN,NaN,NaN,NaN,NaN,NaN,NaN,NaN,NaN,85.3138273862571,3,-236.732947247951
0,58210,-310.970111172045,82799,86400,0,NaN,NaN,NaN,NaN,NaN,NaN,NaN,NaN,NaN,NaN,NaN,NaN,NaN,NaN,NaN,NaN,NaN,NaN,NaN,NaN,NaN,NaN,NaN,NaN,NaN,NaN,NaN,NaN,NaN,NaN,NaN,NaN,NaN,NaN,NaN,NaN,NaN,NaN,NaN,NaN,NaN,NaN,71.5405092592593,2,-310.970111172045
0,17999,-36.10859200077,35948,37035,-51.088685606417,42785,44192,-51.195220419629,49943,51290,-49.023421329724,57454,58505,-51.217988943465,64492,65706,-51.173505180527,71806,72953,-50.7415466850814,79012,86400,0,NaN,NaN,NaN,NaN,NaN,NaN,NaN,NaN,NaN,NaN,NaN,NaN,NaN,NaN,NaN,NaN,NaN,NaN,NaN,NaN,NaN,NaN,NaN,NaN,37.3965579102094,8,-51.217988943465
0,17999,-51.201721112213,82799,86400,0,NaN,NaN,NaN,NaN,NaN,NaN,NaN,NaN,NaN,NaN,NaN,NaN,NaN,NaN,NaN,NaN,NaN,NaN,NaN,NaN,NaN,NaN,NaN,NaN,NaN,NaN,NaN,NaN,NaN,NaN,NaN,NaN,NaN,NaN,NaN,NaN,NaN,NaN,NaN,NaN,NaN,NaN,25.712962962963,2,-51.201721112213
0,17999,-153.843020022007,69646,71195,-9.21668783483,82799,86400,0,NaN,NaN,NaN,NaN,NaN,NaN,NaN,NaN,NaN,NaN,NaN,NaN,NaN,NaN,NaN,NaN,NaN,NaN,NaN,NaN,NaN,NaN,NaN,NaN,NaN,NaN,NaN,NaN,NaN,NaN,NaN,NaN,NaN,NaN,NaN,NaN,NaN,NaN,NaN,26.1805555555556,3,-153.843020022007
0,20183,-61.67510910797,24104,25989,-76.932958514072,33473,35057,-76.840715919226,42256,44262,-74.456865486589,51148,86400,0,NaN,NaN,NaN,NaN,NaN,NaN,NaN,NaN,NaN,NaN,NaN,NaN,NaN,NaN,NaN,NaN,NaN,NaN,NaN,NaN,NaN,NaN,NaN,NaN,NaN,NaN,NaN,NaN,NaN,NaN,NaN,NaN,NaN,70.3634259259259,5,-76.932958514072
0,17999,-49.534220569682,46068,47913,-74.555055516141,56738,58228,-74.977467945522,65791,67233,-77.048056946634,74749,79565,-21.335004416554,82799,86400,0,NaN,NaN,NaN,NaN,NaN,NaN,NaN,NaN,NaN,NaN,NaN,NaN,NaN,NaN,NaN,NaN,NaN,NaN,NaN,NaN,NaN,NaN,NaN,NaN,NaN,NaN,NaN,NaN,NaN,NaN,36.2083333333333,6,-77.048056946634
0,38711,-42.99926705462,39812,42048,-32.604230150931,42896,47452,-2.36939025730697,48855,86400,0,NaN,NaN,NaN,NaN,NaN,NaN,NaN,NaN,NaN,NaN,NaN,NaN,NaN,NaN,NaN,NaN,NaN,NaN,NaN,NaN,NaN,NaN,NaN,NaN,NaN,NaN,NaN,NaN,NaN,NaN,NaN,NaN,NaN,NaN,NaN,NaN,95.3055555555556,4,-42.99926705462
0,52397,-23.080446436311,55501,56850,-23.026076583179,59822,61349,-23.148660723624,64502,65861,-23.175585516888,68188,70710,-5.371929934766,71469,86400,0,NaN,NaN,NaN,NaN,NaN,NaN,NaN,NaN,NaN,NaN,NaN,NaN,NaN,NaN,NaN,NaN,NaN,NaN,NaN,NaN,NaN,NaN,NaN,NaN,NaN,NaN,NaN,NaN,NaN,NaN,85.7465277777778,6,-23.175585516888
0,20861,-286.816496012778,55701,86400,0,NaN,NaN,NaN,NaN,NaN,NaN,NaN,NaN,NaN,NaN,NaN,NaN,NaN,NaN,NaN,NaN,NaN,NaN,NaN,NaN,NaN,NaN,NaN,NaN,NaN,NaN,NaN,NaN,NaN,NaN,NaN,NaN,NaN,NaN,NaN,NaN,NaN,NaN,NaN,NaN,NaN,NaN,59.6759259259259,2,-286.816496012778
0,17999,-149.731372865563,68522,71302,-83.269498008367,82799,86400,0,NaN,NaN,NaN,NaN,NaN,NaN,NaN,NaN,NaN,NaN,NaN,NaN,NaN,NaN,NaN,NaN,NaN,NaN,NaN,NaN,NaN,NaN,NaN,NaN,NaN,NaN,NaN,NaN,NaN,NaN,NaN,NaN,NaN,NaN,NaN,NaN,NaN,NaN,NaN,28.6377314814815,3,-149.731372865563
0,17999,-6.230816851665,58584,59934,-106.515577627454,82799,86400,0,NaN,NaN,NaN,NaN,NaN,NaN,NaN,NaN,NaN,NaN,NaN,NaN,NaN,NaN,NaN,NaN,NaN,NaN,NaN,NaN,NaN,NaN,NaN,NaN,NaN,NaN,NaN,NaN,NaN,NaN,NaN,NaN,NaN,NaN,NaN,NaN,NaN,NaN,NaN,27.1782407407407,3,-106.515577627454
0,17999,-7.15075819546098,75951,79355,-5.30504793923598,80417,86400,0,NaN,NaN,NaN,NaN,NaN,NaN,NaN,NaN,NaN,NaN,NaN,NaN,NaN,NaN,NaN,NaN,NaN,NaN,NaN,NaN,NaN,NaN,NaN,NaN,NaN,NaN,NaN,NaN,NaN,NaN,NaN,NaN,NaN,NaN,NaN,NaN,NaN,NaN,NaN,31.0729166666667,3,-7.15075819546098
0,17999,-37.99141809511,69195,70963,-74.635072417099,78188,86400,0,NaN,NaN,NaN,NaN,NaN,NaN,NaN,NaN,NaN,NaN,NaN,NaN,NaN,NaN,NaN,NaN,NaN,NaN,NaN,NaN,NaN,NaN,NaN,NaN,NaN,NaN,NaN,NaN,NaN,NaN,NaN,NaN,NaN,NaN,NaN,NaN,NaN,NaN,NaN,31.9571759259259,3,-74.635072417099
0,23573,-22.7803417522859,26554,27225,-23.304447962114,30035,31718,-22.949482071895,34550,36074,-22.752399820205,38611,40622,-23.242717343146,42823,45029,-22.750308298751,47423,49508,-23.405607072285,51966,54118,-23.174728514357,56468,58497,-23.187893860113,61260,63071,-22.671163585367,65857,67678,-23.123265222286,70095,71079,-23.342262430787,73402,74746,-23.118602242033,76669,78429,-6.344212796715,79168,86400,0,NaN,NaN,NaN,61.2110970937836,15,-23.405607072285
0,17999,-19.772093017844,28730,29991,-50.946669551576,35738,37041,-47.575561125495,82799,86400,0,NaN,NaN,NaN,NaN,NaN,NaN,NaN,NaN,NaN,NaN,NaN,NaN,NaN,NaN,NaN,NaN,NaN,NaN,NaN,NaN,NaN,NaN,NaN,NaN,NaN,NaN,NaN,NaN,NaN,NaN,NaN,NaN,NaN,NaN,NaN,NaN,27.9675925925926,4,-50.946669551576
0,17999,-284.760958443222,71013,72256,-16.945832429757,82799,86400,0,NaN,NaN,NaN,NaN,NaN,NaN,NaN,NaN,NaN,NaN,NaN,NaN,NaN,NaN,NaN,NaN,NaN,NaN,NaN,NaN,NaN,NaN,NaN,NaN,NaN,NaN,NaN,NaN,NaN,NaN,NaN,NaN,NaN,NaN,NaN,NaN,NaN,NaN,NaN,26.5381944444444,3,-284.760958443222
0,40655,-5.30162288033898,63600,86400,0,NaN,NaN,NaN,NaN,NaN,NaN,NaN,NaN,NaN,NaN,NaN,NaN,NaN,NaN,NaN,NaN,NaN,NaN,NaN,NaN,NaN,NaN,NaN,NaN,NaN,NaN,NaN,NaN,NaN,NaN,NaN,NaN,NaN,NaN,NaN,NaN,NaN,NaN,NaN,NaN,NaN,NaN,73.4201388888889,2,-5.30162288033898
0,17999,-33.729285609704,68794,69650,-15.777974117967,82799,86400,0,NaN,NaN,NaN,NaN,NaN,NaN,NaN,NaN,NaN,NaN,NaN,NaN,NaN,NaN,NaN,NaN,NaN,NaN,NaN,NaN,NaN,NaN,NaN,NaN,NaN,NaN,NaN,NaN,NaN,NaN,NaN,NaN,NaN,NaN,NaN,NaN,NaN,NaN,NaN,26.1168981481481,3,-33.729285609704
0,24210,-92.062533404058,35105,86400,0,NaN,NaN,NaN,NaN,NaN,NaN,NaN,NaN,NaN,NaN,NaN,NaN,NaN,NaN,NaN,NaN,NaN,NaN,NaN,NaN,NaN,NaN,NaN,NaN,NaN,NaN,NaN,NaN,NaN,NaN,NaN,NaN,NaN,NaN,NaN,NaN,NaN,NaN,NaN,NaN,NaN,NaN,87.3901922431453,2,-92.062533404058
0,30395,-260.516738885083,48219,86400,0,NaN,NaN,NaN,NaN,NaN,NaN,NaN,NaN,NaN,NaN,NaN,NaN,NaN,NaN,NaN,NaN,NaN,NaN,NaN,NaN,NaN,NaN,NaN,NaN,NaN,NaN,NaN,NaN,NaN,NaN,NaN,NaN,NaN,NaN,NaN,NaN,NaN,NaN,NaN,NaN,NaN,NaN,79.3703703703704,2,-260.516738885083
0,17999,-202.317351198232,71930,80570,-15.119218309511,82799,86400,0,NaN,NaN,NaN,NaN,NaN,NaN,NaN,NaN,NaN,NaN,NaN,NaN,NaN,NaN,NaN,NaN,NaN,NaN,NaN,NaN,NaN,NaN,NaN,NaN,NaN,NaN,NaN,NaN,NaN,NaN,NaN,NaN,NaN,NaN,NaN,NaN,NaN,NaN,NaN,35.0671296296296,3,-202.317351198232
0,17999,-229.358610458271,73300,86400,0,NaN,NaN,NaN,NaN,NaN,NaN,NaN,NaN,NaN,NaN,NaN,NaN,NaN,NaN,NaN,NaN,NaN,NaN,NaN,NaN,NaN,NaN,NaN,NaN,NaN,NaN,NaN,NaN,NaN,NaN,NaN,NaN,NaN,NaN,NaN,NaN,NaN,NaN,NaN,NaN,NaN,NaN,36.5162037037037,2,-229.358610458271
0,22475,-51.514151435829,28507,29768,-50.983968433041,35494,37043,-50.874056965827,42816,44243,-45.424316916793,49312,86400,0,NaN,NaN,NaN,NaN,NaN,NaN,NaN,NaN,NaN,NaN,NaN,NaN,NaN,NaN,NaN,NaN,NaN,NaN,NaN,NaN,NaN,NaN,NaN,NaN,NaN,NaN,NaN,NaN,NaN,NaN,NaN,NaN,NaN,73.8428953368595,5,-51.514151435829
0,17999,-134.221753789468,68537,69736,-20.193958513548,82799,86400,0,NaN,NaN,NaN,NaN,NaN,NaN,NaN,NaN,NaN,NaN,NaN,NaN,NaN,NaN,NaN,NaN,NaN,NaN,NaN,NaN,NaN,NaN,NaN,NaN,NaN,NaN,NaN,NaN,NaN,NaN,NaN,NaN,NaN,NaN,NaN,NaN,NaN,NaN,NaN,26.5266203703704,3,-134.221753789468
0,17999,-55.173397952399,32280,35051,-54.74016627701,82799,86400,0,NaN,NaN,NaN,NaN,NaN,NaN,NaN,NaN,NaN,NaN,NaN,NaN,NaN,NaN,NaN,NaN,NaN,NaN,NaN,NaN,NaN,NaN,NaN,NaN,NaN,NaN,NaN,NaN,NaN,NaN,NaN,NaN,NaN,NaN,NaN,NaN,NaN,NaN,NaN,28.4560185185185,3,-55.173397952399
0,17999,-278.680267050163,82799,86400,0,NaN,NaN,NaN,NaN,NaN,NaN,NaN,NaN,NaN,NaN,NaN,NaN,NaN,NaN,NaN,NaN,NaN,NaN,NaN,NaN,NaN,NaN,NaN,NaN,NaN,NaN,NaN,NaN,NaN,NaN,NaN,NaN,NaN,NaN,NaN,NaN,NaN,NaN,NaN,NaN,NaN,NaN,25.8101851851852,2,-278.680267050163
0,22746,-273.197103423035,55708,86400,0,NaN,NaN,NaN,NaN,NaN,NaN,NaN,NaN,NaN,NaN,NaN,NaN,NaN,NaN,NaN,NaN,NaN,NaN,NaN,NaN,NaN,NaN,NaN,NaN,NaN,NaN,NaN,NaN,NaN,NaN,NaN,NaN,NaN,NaN,NaN,NaN,NaN,NaN,NaN,NaN,NaN,NaN,61.8499785882108,2,-273.197103423035
0,17999,-106.492621265642,82799,86400,0,NaN,NaN,NaN,NaN,NaN,NaN,NaN,NaN,NaN,NaN,NaN,NaN,NaN,NaN,NaN,NaN,NaN,NaN,NaN,NaN,NaN,NaN,NaN,NaN,NaN,NaN,NaN,NaN,NaN,NaN,NaN,NaN,NaN,NaN,NaN,NaN,NaN,NaN,NaN,NaN,NaN,NaN,25.5,2,-106.492621265642
0,61509,-230.397003683961,73346,75037,-4.581732595228,78152,86400,0,NaN,NaN,NaN,NaN,NaN,NaN,NaN,NaN,NaN,NaN,NaN,NaN,NaN,NaN,NaN,NaN,NaN,NaN,NaN,NaN,NaN,NaN,NaN,NaN,NaN,NaN,NaN,NaN,NaN,NaN,NaN,NaN,NaN,NaN,NaN,NaN,NaN,NaN,NaN,82.4467592592593,3,-230.397003683961
0,17999,-95.402305847217,76590,86400,0,NaN,NaN,NaN,NaN,NaN,NaN,NaN,NaN,NaN,NaN,NaN,NaN,NaN,NaN,NaN,NaN,NaN,NaN,NaN,NaN,NaN,NaN,NaN,NaN,NaN,NaN,NaN,NaN,NaN,NaN,NaN,NaN,NaN,NaN,NaN,NaN,NaN,NaN,NaN,NaN,NaN,NaN,32.1863425925926,2,-95.402305847217
0,22309,-76.240478063416,31345,33082,-77.280888107865,40600,42414,-77.206321346936,49370,51141,-136.362157602479,69664,70885,-77.1388368073321,78188,86400,0,NaN,NaN,NaN,NaN,NaN,NaN,NaN,NaN,NaN,NaN,NaN,NaN,NaN,NaN,NaN,NaN,NaN,NaN,NaN,NaN,NaN,NaN,NaN,NaN,NaN,NaN,NaN,NaN,NaN,NaN,43.4832930174419,6,-136.362157602479
0,23887,-92.140755864191,32596,34740,-92.24798306166,43170,45328,-91.876869690285,54139,56231,-92.190124115659,65111,66916,-94.7236142526871,72431,74226,-2.7139373417474,74982,86400,0,NaN,NaN,NaN,NaN,NaN,NaN,NaN,NaN,NaN,NaN,NaN,NaN,NaN,NaN,NaN,NaN,NaN,NaN,NaN,NaN,NaN,NaN,NaN,NaN,NaN,NaN,NaN,52.4299487274453,7,-94.7236142526871
0,17999,-126.24251203583,82799,86400,0,NaN,NaN,NaN,NaN,NaN,NaN,NaN,NaN,NaN,NaN,NaN,NaN,NaN,NaN,NaN,NaN,NaN,NaN,NaN,NaN,NaN,NaN,NaN,NaN,NaN,NaN,NaN,NaN,NaN,NaN,NaN,NaN,NaN,NaN,NaN,NaN,NaN,NaN,NaN,NaN,NaN,NaN,25,2,-126.24251203583
0,17999,-19.320695246303,35626,36978,-51.19665057383,42658,44231,-50.960756881084,49644,51388,-51.197995944358,57170,58505,-51.191220396598,64286,65689,-51.230557576757,72004,72913,-68.3539830857239,82799,86400,0,NaN,NaN,NaN,NaN,NaN,NaN,NaN,NaN,NaN,NaN,NaN,NaN,NaN,NaN,NaN,NaN,NaN,NaN,NaN,NaN,NaN,NaN,NaN,NaN,34.9560185185185,8,-68.3539830857239
0,17999,-0.528529849994015,31388,33120,-77.117925147532,40475,42067,-76.926780541922,49642,51080,-74.059823109774,60337,61867,-74.974302947869,69511,70756,-74.4464378279727,78423,86400,0,NaN,NaN,NaN,NaN,NaN,NaN,NaN,NaN,NaN,NaN,NaN,NaN,NaN,NaN,NaN,NaN,NaN,NaN,NaN,NaN,NaN,NaN,NaN,NaN,NaN,NaN,NaN,38.7889029062164,7,-77.117925147532
0,17999,-61.392251467727,69287,71073,-55.674216274974,82799,86400,0,NaN,NaN,NaN,NaN,NaN,NaN,NaN,NaN,NaN,NaN,NaN,NaN,NaN,NaN,NaN,NaN,NaN,NaN,NaN,NaN,NaN,NaN,NaN,NaN,NaN,NaN,NaN,NaN,NaN,NaN,NaN,NaN,NaN,NaN,NaN,NaN,NaN,NaN,NaN,27.193287037037,3,-61.392251467727
0,17999,-141.112689677058,35106,86400,0,NaN,NaN,NaN,NaN,NaN,NaN,NaN,NaN,NaN,NaN,NaN,NaN,NaN,NaN,NaN,NaN,NaN,NaN,NaN,NaN,NaN,NaN,NaN,NaN,NaN,NaN,NaN,NaN,NaN,NaN,NaN,NaN,NaN,NaN,NaN,NaN,NaN,NaN,NaN,NaN,NaN,NaN,80.2004606428166,2,-141.112689677058
0,17999,-145.887327678999,82799,86400,0,NaN,NaN,NaN,NaN,NaN,NaN,NaN,NaN,NaN,NaN,NaN,NaN,NaN,NaN,NaN,NaN,NaN,NaN,NaN,NaN,NaN,NaN,NaN,NaN,NaN,NaN,NaN,NaN,NaN,NaN,NaN,NaN,NaN,NaN,NaN,NaN,NaN,NaN,NaN,NaN,NaN,NaN,25.2453703703704,2,-145.887327678999
0,47659,-59.72175947559,51152,86400,0,NaN,NaN,NaN,NaN,NaN,NaN,NaN,NaN,NaN,NaN,NaN,NaN,NaN,NaN,NaN,NaN,NaN,NaN,NaN,NaN,NaN,NaN,NaN,NaN,NaN,NaN,NaN,NaN,NaN,NaN,NaN,NaN,NaN,NaN,NaN,NaN,NaN,NaN,NaN,NaN,NaN,NaN,95.9571759259259,2,-59.72175947559
0,17999,-247.52827099758,67548,68796,-10.778660503221,82799,86400,0,NaN,NaN,NaN,NaN,NaN,NaN,NaN,NaN,NaN,NaN,NaN,NaN,NaN,NaN,NaN,NaN,NaN,NaN,NaN,NaN,NaN,NaN,NaN,NaN,NaN,NaN,NaN,NaN,NaN,NaN,NaN,NaN,NaN,NaN,NaN,NaN,NaN,NaN,NaN,26.6354166666667,3,-247.52827099758
0,47197,-314.249866478823,79744,86400,0,NaN,NaN,NaN,NaN,NaN,NaN,NaN,NaN,NaN,NaN,NaN,NaN,NaN,NaN,NaN,NaN,NaN,NaN,NaN,NaN,NaN,NaN,NaN,NaN,NaN,NaN,NaN,NaN,NaN,NaN,NaN,NaN,NaN,NaN,NaN,NaN,NaN,NaN,NaN,NaN,NaN,NaN,62.3298611111111,2,-314.249866478823
0,21885,-220.972819127626,49313,86400,0,NaN,NaN,NaN,NaN,NaN,NaN,NaN,NaN,NaN,NaN,NaN,NaN,NaN,NaN,NaN,NaN,NaN,NaN,NaN,NaN,NaN,NaN,NaN,NaN,NaN,NaN,NaN,NaN,NaN,NaN,NaN,NaN,NaN,NaN,NaN,NaN,NaN,NaN,NaN,NaN,NaN,NaN,68.2549970486453,2,-220.972819127626
0,17999,-7.00483686191399,31894,33424,-23.353543763328,35786,37796,-23.329060869313,40381,42553,-23.197922154702,45473,46783,-7.01603177833505,82799,86400,0,NaN,NaN,NaN,NaN,NaN,NaN,NaN,NaN,NaN,NaN,NaN,NaN,NaN,NaN,NaN,NaN,NaN,NaN,NaN,NaN,NaN,NaN,NaN,NaN,NaN,NaN,NaN,NaN,NaN,NaN,33.1273148148148,6,-23.353543763328
0,17999,-162.600242491537,75783,86400,0,NaN,NaN,NaN,NaN,NaN,NaN,NaN,NaN,NaN,NaN,NaN,NaN,NaN,NaN,NaN,NaN,NaN,NaN,NaN,NaN,NaN,NaN,NaN,NaN,NaN,NaN,NaN,NaN,NaN,NaN,NaN,NaN,NaN,NaN,NaN,NaN,NaN,NaN,NaN,NaN,NaN,NaN,33.1203703703704,2,-162.600242491537
0,17999,-32.963601086387,35224,36809,-74.909729593395,44242,45593,-74.707232730262,53155,54568,-74.883587707494,62234,63473,-77.31867312091,71204,72518,-60.7083718684923,75979,78840,-2.5518052597582,82799,86400,0,NaN,NaN,NaN,NaN,NaN,NaN,NaN,NaN,NaN,NaN,NaN,NaN,NaN,NaN,NaN,NaN,NaN,NaN,NaN,NaN,NaN,NaN,NaN,NaN,36.2997685185185,8,-77.31867312091
0,22245,-370.161243635762,69561,70808,-4.2141504794982,72344,86400,0,NaN,NaN,NaN,NaN,NaN,NaN,NaN,NaN,NaN,NaN,NaN,NaN,NaN,NaN,NaN,NaN,NaN,NaN,NaN,NaN,NaN,NaN,NaN,NaN,NaN,NaN,NaN,NaN,NaN,NaN,NaN,NaN,NaN,NaN,NaN,NaN,NaN,NaN,NaN,43.4583333333333,3,-370.161243635762
0,17999,-93.242404392394,82799,86400,0,NaN,NaN,NaN,NaN,NaN,NaN,NaN,NaN,NaN,NaN,NaN,NaN,NaN,NaN,NaN,NaN,NaN,NaN,NaN,NaN,NaN,NaN,NaN,NaN,NaN,NaN,NaN,NaN,NaN,NaN,NaN,NaN,NaN,NaN,NaN,NaN,NaN,NaN,NaN,NaN,NaN,NaN,25,2,-93.242404392394
0,17999,-186.255922327745,64765,65831,-21.113834328273,82799,86400,0,NaN,NaN,NaN,NaN,NaN,NaN,NaN,NaN,NaN,NaN,NaN,NaN,NaN,NaN,NaN,NaN,NaN,NaN,NaN,NaN,NaN,NaN,NaN,NaN,NaN,NaN,NaN,NaN,NaN,NaN,NaN,NaN,NaN,NaN,NaN,NaN,NaN,NaN,NaN,26.3402777777778,3,-186.255922327745
0,17999,-187.740206293648,64982,65698,-18.861669660814,82799,86400,0,NaN,NaN,NaN,NaN,NaN,NaN,NaN,NaN,NaN,NaN,NaN,NaN,NaN,NaN,NaN,NaN,NaN,NaN,NaN,NaN,NaN,NaN,NaN,NaN,NaN,NaN,NaN,NaN,NaN,NaN,NaN,NaN,NaN,NaN,NaN,NaN,NaN,NaN,NaN,25.9464589530214,3,-187.740206293648
0,17999,-51.810801018726,71184,72878,-10.061532791466,82799,86400,0,NaN,NaN,NaN,NaN,NaN,NaN,NaN,NaN,NaN,NaN,NaN,NaN,NaN,NaN,NaN,NaN,NaN,NaN,NaN,NaN,NaN,NaN,NaN,NaN,NaN,NaN,NaN,NaN,NaN,NaN,NaN,NaN,NaN,NaN,NaN,NaN,NaN,NaN,NaN,27.1342592592593,3,-51.810801018726
0,23355,-98.218570942317,35108,86400,0,NaN,NaN,NaN,NaN,NaN,NaN,NaN,NaN,NaN,NaN,NaN,NaN,NaN,NaN,NaN,NaN,NaN,NaN,NaN,NaN,NaN,NaN,NaN,NaN,NaN,NaN,NaN,NaN,NaN,NaN,NaN,NaN,NaN,NaN,NaN,NaN,NaN,NaN,NaN,NaN,NaN,NaN,86.3971481811553,2,-98.218570942317
0,41349,-23.365742629038,44131,46045,-23.355056091614,48579,50589,-23.21498754998,53208,55098,-23.032158148167,58303,59392,-23.118259733971,62475,64095,-23.3451744989119,66811,68532,-23.3367358969761,70933,81150,-5.27896557489299,82301,86400,0,NaN,NaN,NaN,NaN,NaN,NaN,NaN,NaN,NaN,NaN,NaN,NaN,NaN,NaN,NaN,NaN,NaN,NaN,NaN,NaN,NaN,76.2835648148148,9,-23.365742629038
0,17999,-11.657356257706,18982,20767,-23.154946949862,22842,24292,-22.902945558892,26534,27875,-23.279682552998,30561,32309,-23.124748642393,35257,36879,-23.678015353767,39535,41371,-23.331598907259,43990,45989,-23.336753195632,48514,86400,0,NaN,NaN,NaN,NaN,NaN,NaN,NaN,NaN,NaN,NaN,NaN,NaN,NaN,NaN,NaN,NaN,NaN,NaN,NaN,NaN,NaN,78.3171296296296,9,-23.678015353767
0,17999,-70.488150529839,58115,59944,-92.193216943727,68230,69846,-22.686335025332,82799,86400,0,NaN,NaN,NaN,NaN,NaN,NaN,NaN,NaN,NaN,NaN,NaN,NaN,NaN,NaN,NaN,NaN,NaN,NaN,NaN,NaN,NaN,NaN,NaN,NaN,NaN,NaN,NaN,NaN,NaN,NaN,NaN,NaN,NaN,NaN,NaN,NaN,29.1006944444444,4,-92.193216943727
0,17999,-77.473402436029,44294,45565,-77.656270480755,53299,70834,-33.54204152487,82799,86400,0,NaN,NaN,NaN,NaN,NaN,NaN,NaN,NaN,NaN,NaN,NaN,NaN,NaN,NaN,NaN,NaN,NaN,NaN,NaN,NaN,NaN,NaN,NaN,NaN,NaN,NaN,NaN,NaN,NaN,NaN,NaN,NaN,NaN,NaN,NaN,NaN,47.3993055555556,4,-77.656270480755
0,18849,-248.856514023557,36837,38496,-218.609018887673,55702,86400,0,NaN,NaN,NaN,NaN,NaN,NaN,NaN,NaN,NaN,NaN,NaN,NaN,NaN,NaN,NaN,NaN,NaN,NaN,NaN,NaN,NaN,NaN,NaN,NaN,NaN,NaN,NaN,NaN,NaN,NaN,NaN,NaN,NaN,NaN,NaN,NaN,NaN,NaN,NaN,59.2666751542227,3,-248.856514023557
0,17999,-99.406861371591,68480,69342,-15.277710260942,82799,86400,0,NaN,NaN,NaN,NaN,NaN,NaN,NaN,NaN,NaN,NaN,NaN,NaN,NaN,NaN,NaN,NaN,NaN,NaN,NaN,NaN,NaN,NaN,NaN,NaN,NaN,NaN,NaN,NaN,NaN,NaN,NaN,NaN,NaN,NaN,NaN,NaN,NaN,NaN,NaN,26.2060185185185,3,-99.406861371591
0,17999,-100.207640232018,82799,86400,0,NaN,NaN,NaN,NaN,NaN,NaN,NaN,NaN,NaN,NaN,NaN,NaN,NaN,NaN,NaN,NaN,NaN,NaN,NaN,NaN,NaN,NaN,NaN,NaN,NaN,NaN,NaN,NaN,NaN,NaN,NaN,NaN,NaN,NaN,NaN,NaN,NaN,NaN,NaN,NaN,NaN,NaN,25,2,-100.207640232018
0,22333,-76.307423495243,31448,33082,-76.031607476762,40552,42103,-76.2428616286914,49635,51066,-76.1449278722987,60350,61854,-75.2267816549593,69278,70899,-170.619164503299,82799,86400,0,NaN,NaN,NaN,NaN,NaN,NaN,NaN,NaN,NaN,NaN,NaN,NaN,NaN,NaN,NaN,NaN,NaN,NaN,NaN,NaN,NaN,NaN,NaN,NaN,NaN,NaN,NaN,39.435886158725,7,-170.619164503299
0,65781,-51.379017662409,72112,72864,-50.831791363334,78966,86400,0,NaN,NaN,NaN,NaN,NaN,NaN,NaN,NaN,NaN,NaN,NaN,NaN,NaN,NaN,NaN,NaN,NaN,NaN,NaN,NaN,NaN,NaN,NaN,NaN,NaN,NaN,NaN,NaN,NaN,NaN,NaN,NaN,NaN,NaN,NaN,NaN,NaN,NaN,NaN,85.6099537037037,3,-51.379017662409
0,27027,-23.262210886257,29968,31549,-22.618558360921,34285,36058,-22.928181108397,38648,40513,-8.23203175845305,41507,86400,0,NaN,NaN,NaN,NaN,NaN,NaN,NaN,NaN,NaN,NaN,NaN,NaN,NaN,NaN,NaN,NaN,NaN,NaN,NaN,NaN,NaN,NaN,NaN,NaN,NaN,NaN,NaN,NaN,NaN,NaN,NaN,NaN,NaN,89.28125,5,-23.262210886257
0,17999,-68.311235668979,40477,42403,-75.022156376383,49602,51061,-75.032003841691,60332,61821,-75.514629110839,69503,70774,-80.0379006853761,82799,86400,0,NaN,NaN,NaN,NaN,NaN,NaN,NaN,NaN,NaN,NaN,NaN,NaN,NaN,NaN,NaN,NaN,NaN,NaN,NaN,NaN,NaN,NaN,NaN,NaN,NaN,NaN,NaN,NaN,NaN,NaN,32.5648148148148,6,-80.0379006853761
0,17999,-2.55834405231099,32193,47099,-296.325955443938,79721,86400,0,NaN,NaN,NaN,NaN,NaN,NaN,NaN,NaN,NaN,NaN,NaN,NaN,NaN,NaN,NaN,NaN,NaN,NaN,NaN,NaN,NaN,NaN,NaN,NaN,NaN,NaN,NaN,NaN,NaN,NaN,NaN,NaN,NaN,NaN,NaN,NaN,NaN,NaN,NaN,45.8154419509033,3,-296.325955443938
0,17999,-241.040212579942,69475,70086,-10.947993287605,82799,86400,0,NaN,NaN,NaN,NaN,NaN,NaN,NaN,NaN,NaN,NaN,NaN,NaN,NaN,NaN,NaN,NaN,NaN,NaN,NaN,NaN,NaN,NaN,NaN,NaN,NaN,NaN,NaN,NaN,NaN,NaN,NaN,NaN,NaN,NaN,NaN,NaN,NaN,NaN,NaN,25.8784722222222,3,-241.040212579942
0,17999,-155.961222079856,69517,74156,-5.32069002923504,82799,86400,0,NaN,NaN,NaN,NaN,NaN,NaN,NaN,NaN,NaN,NaN,NaN,NaN,NaN,NaN,NaN,NaN,NaN,NaN,NaN,NaN,NaN,NaN,NaN,NaN,NaN,NaN,NaN,NaN,NaN,NaN,NaN,NaN,NaN,NaN,NaN,NaN,NaN,NaN,NaN,30.369212962963,3,-155.961222079856
0,19990,-94.965064440698,25136,27540,-92.948776642211,36197,38300,-92.932334352477,47165,48989,-20.086435275665,51148,86400,0,NaN,NaN,NaN,NaN,NaN,NaN,NaN,NaN,NaN,NaN,NaN,NaN,NaN,NaN,NaN,NaN,NaN,NaN,NaN,NaN,NaN,NaN,NaN,NaN,NaN,NaN,NaN,NaN,NaN,NaN,NaN,NaN,NaN,71.2650462962963,5,-94.965064440698
0,36915,-22.839078971536,39573,41336,-23.035953785407,43797,46043,-22.735221275014,48547,50469,-22.645850848513,53019,54992,-23.098502242741,57778,59342,-23.046654466673,62393,64025,-23.001634227778,66818,68428,-29.11940909168,72427,86400,0,NaN,NaN,NaN,NaN,NaN,NaN,NaN,NaN,NaN,NaN,NaN,NaN,NaN,NaN,NaN,NaN,NaN,NaN,NaN,NaN,NaN,74.1550925925926,9,-29.11940909168
0,57368,-245.010811213026,76297,77043,-2.53816584970801,77673,86400,0,NaN,NaN,NaN,NaN,NaN,NaN,NaN,NaN,NaN,NaN,NaN,NaN,NaN,NaN,NaN,NaN,NaN,NaN,NaN,NaN,NaN,NaN,NaN,NaN,NaN,NaN,NaN,NaN,NaN,NaN,NaN,NaN,NaN,NaN,NaN,NaN,NaN,NaN,NaN,77.3622685185185,3,-245.010811213026
0,17999,-13.602425440271,32372,34112,-23.171619005893,36698,38626,-23.378768104121,41037,43169,-23.31850003523,45593,47293,-9.30263593670497,82799,86400,0,NaN,NaN,NaN,NaN,NaN,NaN,NaN,NaN,NaN,NaN,NaN,NaN,NaN,NaN,NaN,NaN,NaN,NaN,NaN,NaN,NaN,NaN,NaN,NaN,NaN,NaN,NaN,NaN,NaN,NaN,33.6805555555556,6,-23.378768104121
0,37010,-33.119837846343,40275,41659,-26.892581920934,44073,46108,-27.331722410092,48642,49567,-32.720815437654,53468,54967,-26.640501801202,57563,59417,-27.51418368542,62285,63899,-33.372270284782,67644,69325,-26.840904024693,71794,73842,-27.232807945556,76275,78155,-2.910035604988,81723,86400,0,NaN,NaN,NaN,NaN,NaN,NaN,NaN,NaN,NaN,NaN,NaN,NaN,NaN,NaN,NaN,65.5173611111111,11,-33.372270284782
0,22408,-77.1045883077369,29829,31162,-76.1642455136,38780,40096,-77.77593678787,48264,49167,-68.044772368113,82799,86400,0,NaN,NaN,NaN,NaN,NaN,NaN,NaN,NaN,NaN,NaN,NaN,NaN,NaN,NaN,NaN,NaN,NaN,NaN,NaN,NaN,NaN,NaN,NaN,NaN,NaN,NaN,NaN,NaN,NaN,NaN,NaN,NaN,NaN,34.2148817722017,5,-77.77593678787
0,17999,-121.578708599847,69584,70772,-5.68657724325203,71617,75909,-4.26793361694996,82799,86400,0,NaN,NaN,NaN,NaN,NaN,NaN,NaN,NaN,NaN,NaN,NaN,NaN,NaN,NaN,NaN,NaN,NaN,NaN,NaN,NaN,NaN,NaN,NaN,NaN,NaN,NaN,NaN,NaN,NaN,NaN,NaN,NaN,NaN,NaN,NaN,NaN,31.3425925925926,4,-121.578708599847
0,58653,-25.656273069219,61074,63173,-25.541920194663,65384,67613,-34.828153873234,70763,73120,-25.567320011996,75338,82127,-2.31190888879701,82799,86400,0,NaN,NaN,NaN,NaN,NaN,NaN,NaN,NaN,NaN,NaN,NaN,NaN,NaN,NaN,NaN,NaN,NaN,NaN,NaN,NaN,NaN,NaN,NaN,NaN,NaN,NaN,NaN,NaN,NaN,NaN,87.6481481481482,6,-34.828153873234
0,76586,-23.371753971691,78997,80157,-23.402750266473,82739,86400,0,NaN,NaN,NaN,NaN,NaN,NaN,NaN,NaN,NaN,NaN,NaN,NaN,NaN,NaN,NaN,NaN,NaN,NaN,NaN,NaN,NaN,NaN,NaN,NaN,NaN,NaN,NaN,NaN,NaN,NaN,NaN,NaN,NaN,NaN,NaN,NaN,NaN,NaN,NaN,94.2210648148148,3,-23.402750266473
0,66909,-95.286912316143,72453,86400,0,NaN,NaN,NaN,NaN,NaN,NaN,NaN,NaN,NaN,NaN,NaN,NaN,NaN,NaN,NaN,NaN,NaN,NaN,NaN,NaN,NaN,NaN,NaN,NaN,NaN,NaN,NaN,NaN,NaN,NaN,NaN,NaN,NaN,NaN,NaN,NaN,NaN,NaN,NaN,NaN,NaN,NaN,93.130787037037,2,-95.286912316143
0,17999,-22.756022356593,64982,86400,0,NaN,NaN,NaN,NaN,NaN,NaN,NaN,NaN,NaN,NaN,NaN,NaN,NaN,NaN,NaN,NaN,NaN,NaN,NaN,NaN,NaN,NaN,NaN,NaN,NaN,NaN,NaN,NaN,NaN,NaN,NaN,NaN,NaN,NaN,NaN,NaN,NaN,NaN,NaN,NaN,NaN,NaN,45.3293364660131,2,-22.756022356593
0,25810,-245.045779038998,43141,49168,-245.544521039889,68749,70685,-4.7018487902738,71388,86400,0,NaN,NaN,NaN,NaN,NaN,NaN,NaN,NaN,NaN,NaN,NaN,NaN,NaN,NaN,NaN,NaN,NaN,NaN,NaN,NaN,NaN,NaN,NaN,NaN,NaN,NaN,NaN,NaN,NaN,NaN,NaN,NaN,NaN,NaN,NaN,NaN,56.4646242520341,4,-245.544521039889
0,17999,-295.309241407441,69280,70607,-9.95868703963203,82799,86400,0,NaN,NaN,NaN,NaN,NaN,NaN,NaN,NaN,NaN,NaN,NaN,NaN,NaN,NaN,NaN,NaN,NaN,NaN,NaN,NaN,NaN,NaN,NaN,NaN,NaN,NaN,NaN,NaN,NaN,NaN,NaN,NaN,NaN,NaN,NaN,NaN,NaN,NaN,NaN,26.65625,3,-295.309241407441
0,17999,-245.961103848635,82799,86400,0,NaN,NaN,NaN,NaN,NaN,NaN,NaN,NaN,NaN,NaN,NaN,NaN,NaN,NaN,NaN,NaN,NaN,NaN,NaN,NaN,NaN,NaN,NaN,NaN,NaN,NaN,NaN,NaN,NaN,NaN,NaN,NaN,NaN,NaN,NaN,NaN,NaN,NaN,NaN,NaN,NaN,NaN,25.5876668094119,2,-245.961103848635
0,17999,-12.775972644828,19201,20843,-23.143740447409,22856,24434,-22.9787014866509,26705,27895,-22.885211939306,30539,32371,-22.664932291635,35648,36871,-23.353570560452,39457,41353,-23.071448830037,43979,46044,-15.333213633786,48041,86400,0,NaN,NaN,NaN,NaN,NaN,NaN,NaN,NaN,NaN,NaN,NaN,NaN,NaN,NaN,NaN,NaN,NaN,NaN,NaN,NaN,NaN,78.4539530792468,9,-23.353570560452
0,17999,-6.98595129417998,66633,68454,-31.802540871713,82799,86400,0,NaN,NaN,NaN,NaN,NaN,NaN,NaN,NaN,NaN,NaN,NaN,NaN,NaN,NaN,NaN,NaN,NaN,NaN,NaN,NaN,NaN,NaN,NaN,NaN,NaN,NaN,NaN,NaN,NaN,NaN,NaN,NaN,NaN,NaN,NaN,NaN,NaN,NaN,NaN,27.34375,3,-31.802540871713
0,17999,-131.683698761496,28011,29642,-23.213017648676,32444,34167,-23.071119927648,36884,38756,-23.056725287736,41123,43102,-23.8868041011,45862,86400,0,NaN,NaN,NaN,NaN,NaN,NaN,NaN,NaN,NaN,NaN,NaN,NaN,NaN,NaN,NaN,NaN,NaN,NaN,NaN,NaN,NaN,NaN,NaN,NaN,NaN,NaN,NaN,NaN,NaN,NaN,76.090554507471,6,-131.683698761496
0,22772,-321.030117275549,72122,73218,-5.32533479102,74835,86400,0,NaN,NaN,NaN,NaN,NaN,NaN,NaN,NaN,NaN,NaN,NaN,NaN,NaN,NaN,NaN,NaN,NaN,NaN,NaN,NaN,NaN,NaN,NaN,NaN,NaN,NaN,NaN,NaN,NaN,NaN,NaN,NaN,NaN,NaN,NaN,NaN,NaN,NaN,NaN,41.0104166666667,3,-321.030117275549
0,17999,-89.018125070645,48449,51069,-92.564265514646,60095,61677,-91.881003759247,69972,72564,-92.1450519331063,81292,86400,0,NaN,NaN,NaN,NaN,NaN,NaN,NaN,NaN,NaN,NaN,NaN,NaN,NaN,NaN,NaN,NaN,NaN,NaN,NaN,NaN,NaN,NaN,NaN,NaN,NaN,NaN,NaN,NaN,NaN,NaN,NaN,NaN,NaN,34.6076388888889,5,-92.564265514646
0,17999,-168.609781412151,64909,86400,0,NaN,NaN,NaN,NaN,NaN,NaN,NaN,NaN,NaN,NaN,NaN,NaN,NaN,NaN,NaN,NaN,NaN,NaN,NaN,NaN,NaN,NaN,NaN,NaN,NaN,NaN,NaN,NaN,NaN,NaN,NaN,NaN,NaN,NaN,NaN,NaN,NaN,NaN,NaN,NaN,NaN,NaN,45.7060185185185,2,-168.609781412151
0,17999,-2.87176834411798,31134,39903,-217.054543989822,82799,86400,0,NaN,NaN,NaN,NaN,NaN,NaN,NaN,NaN,NaN,NaN,NaN,NaN,NaN,NaN,NaN,NaN,NaN,NaN,NaN,NaN,NaN,NaN,NaN,NaN,NaN,NaN,NaN,NaN,NaN,NaN,NaN,NaN,NaN,NaN,NaN,NaN,NaN,NaN,NaN,34.9872685185185,3,-217.054543989822
0,17999,-278.229886579016,82799,86400,0,NaN,NaN,NaN,NaN,NaN,NaN,NaN,NaN,NaN,NaN,NaN,NaN,NaN,NaN,NaN,NaN,NaN,NaN,NaN,NaN,NaN,NaN,NaN,NaN,NaN,NaN,NaN,NaN,NaN,NaN,NaN,NaN,NaN,NaN,NaN,NaN,NaN,NaN,NaN,NaN,NaN,NaN,25.7592592592593,2,-278.229886579016
0,17999,-197.779325072754,79452,80348,-2.52782082377601,82799,86400,0,NaN,NaN,NaN,NaN,NaN,NaN,NaN,NaN,NaN,NaN,NaN,NaN,NaN,NaN,NaN,NaN,NaN,NaN,NaN,NaN,NaN,NaN,NaN,NaN,NaN,NaN,NaN,NaN,NaN,NaN,NaN,NaN,NaN,NaN,NaN,NaN,NaN,NaN,NaN,26.037037037037,3,-197.779325072754
0,17999,-3.31806183220999,65866,67236,-77.120031704006,74598,86400,0,NaN,NaN,NaN,NaN,NaN,NaN,NaN,NaN,NaN,NaN,NaN,NaN,NaN,NaN,NaN,NaN,NaN,NaN,NaN,NaN,NaN,NaN,NaN,NaN,NaN,NaN,NaN,NaN,NaN,NaN,NaN,NaN,NaN,NaN,NaN,NaN,NaN,NaN,NaN,36.0775462962963,3,-77.120031704006
0,17999,-82.937490591555,71275,72619,-14.601765720031,82799,86400,0,NaN,NaN,NaN,NaN,NaN,NaN,NaN,NaN,NaN,NaN,NaN,NaN,NaN,NaN,NaN,NaN,NaN,NaN,NaN,NaN,NaN,NaN,NaN,NaN,NaN,NaN,NaN,NaN,NaN,NaN,NaN,NaN,NaN,NaN,NaN,NaN,NaN,NaN,NaN,26.7068668186711,3,-82.937490591555
0,17999,-94.382231568639,34877,86400,0,NaN,NaN,NaN,NaN,NaN,NaN,NaN,NaN,NaN,NaN,NaN,NaN,NaN,NaN,NaN,NaN,NaN,NaN,NaN,NaN,NaN,NaN,NaN,NaN,NaN,NaN,NaN,NaN,NaN,NaN,NaN,NaN,NaN,NaN,NaN,NaN,NaN,NaN,NaN,NaN,NaN,NaN,80.4652777777778,2,-94.382231568639
0,17999,-304.860119798815,71173,71791,-10.562666858933,82799,86400,0,NaN,NaN,NaN,NaN,NaN,NaN,NaN,NaN,NaN,NaN,NaN,NaN,NaN,NaN,NaN,NaN,NaN,NaN,NaN,NaN,NaN,NaN,NaN,NaN,NaN,NaN,NaN,NaN,NaN,NaN,NaN,NaN,NaN,NaN,NaN,NaN,NaN,NaN,NaN,25.8113425925926,3,-304.860119798815
0,23238,-268.516824917164,72734,86400,0,NaN,NaN,NaN,NaN,NaN,NaN,NaN,NaN,NaN,NaN,NaN,NaN,NaN,NaN,NaN,NaN,NaN,NaN,NaN,NaN,NaN,NaN,NaN,NaN,NaN,NaN,NaN,NaN,NaN,NaN,NaN,NaN,NaN,NaN,NaN,NaN,NaN,NaN,NaN,NaN,NaN,NaN,43.2668603372646,2,-268.516824917164
0,23561,-204.840180896806,48042,86400,0,NaN,NaN,NaN,NaN,NaN,NaN,NaN,NaN,NaN,NaN,NaN,NaN,NaN,NaN,NaN,NaN,NaN,NaN,NaN,NaN,NaN,NaN,NaN,NaN,NaN,NaN,NaN,NaN,NaN,NaN,NaN,NaN,NaN,NaN,NaN,NaN,NaN,NaN,NaN,NaN,NaN,NaN,71.6658372009583,2,-204.840180896806
0,17999,-173.068610006651,31074,45252,-2.62696968217702,46810,86400,0,NaN,NaN,NaN,NaN,NaN,NaN,NaN,NaN,NaN,NaN,NaN,NaN,NaN,NaN,NaN,NaN,NaN,NaN,NaN,NaN,NaN,NaN,NaN,NaN,NaN,NaN,NaN,NaN,NaN,NaN,NaN,NaN,NaN,NaN,NaN,NaN,NaN,NaN,NaN,83.0638534276224,3,-173.068610006651
0,17999,-255.033973573441,71124,71937,-11.067391195733,82799,86400,0,NaN,NaN,NaN,NaN,NaN,NaN,NaN,NaN,NaN,NaN,NaN,NaN,NaN,NaN,NaN,NaN,NaN,NaN,NaN,NaN,NaN,NaN,NaN,NaN,NaN,NaN,NaN,NaN,NaN,NaN,NaN,NaN,NaN,NaN,NaN,NaN,NaN,NaN,NaN,25.9907407407407,3,-255.033973573441
0,23333,-196.346563099852,47283,86400,0,NaN,NaN,NaN,NaN,NaN,NaN,NaN,NaN,NaN,NaN,NaN,NaN,NaN,NaN,NaN,NaN,NaN,NaN,NaN,NaN,NaN,NaN,NaN,NaN,NaN,NaN,NaN,NaN,NaN,NaN,NaN,NaN,NaN,NaN,NaN,NaN,NaN,NaN,NaN,NaN,NaN,NaN,72.2800925925926,2,-196.346563099852
0,17999,-133.543466031127,82799,86400,0,NaN,NaN,NaN,NaN,NaN,NaN,NaN,NaN,NaN,NaN,NaN,NaN,NaN,NaN,NaN,NaN,NaN,NaN,NaN,NaN,NaN,NaN,NaN,NaN,NaN,NaN,NaN,NaN,NaN,NaN,NaN,NaN,NaN,NaN,NaN,NaN,NaN,NaN,NaN,NaN,NaN,NaN,25,2,-133.543466031127
0,17999,-229.662208123397,82799,86400,0,NaN,NaN,NaN,NaN,NaN,NaN,NaN,NaN,NaN,NaN,NaN,NaN,NaN,NaN,NaN,NaN,NaN,NaN,NaN,NaN,NaN,NaN,NaN,NaN,NaN,NaN,NaN,NaN,NaN,NaN,NaN,NaN,NaN,NaN,NaN,NaN,NaN,NaN,NaN,NaN,NaN,NaN,25.525462962963,2,-229.662208123397
0,17999,-85.668711794303,65834,67188,-96.056599681393,73125,74170,-13.710671807744,82799,86400,0,NaN,NaN,NaN,NaN,NaN,NaN,NaN,NaN,NaN,NaN,NaN,NaN,NaN,NaN,NaN,NaN,NaN,NaN,NaN,NaN,NaN,NaN,NaN,NaN,NaN,NaN,NaN,NaN,NaN,NaN,NaN,NaN,NaN,NaN,NaN,NaN,27.8958333333333,4,-96.056599681393
0,17999,-59.912208465676,79801,80691,-5.55950026296102,82467,86400,0,NaN,NaN,NaN,NaN,NaN,NaN,NaN,NaN,NaN,NaN,NaN,NaN,NaN,NaN,NaN,NaN,NaN,NaN,NaN,NaN,NaN,NaN,NaN,NaN,NaN,NaN,NaN,NaN,NaN,NaN,NaN,NaN,NaN,NaN,NaN,NaN,NaN,NaN,NaN,26.1666666666667,3,-59.912208465676
0,17999,-47.050593085051,21777,25103,-23.241025839005,27396,28701,-22.991673192157,31386,33148,-23.220364261989,35635,37697,-23.387456480229,39918,42294,-23.188848721868,45047,46937,-23.817781394248,49552,51333,-23.147240793799,54072,55935,-23.153805551333,58707,60443,-23.119851185071,63344,64931,-23.1412396461,67671,69551,-23.3834998456234,71709,73290,-22.8338611122546,75826,76941,-22.9176940773781,78636,80448,-22.9427677844022,82534,86400,0,55.4877837062071,16,-47.050593085051
0,17999,-51.87939973711,71606,72490,-13.410628498438,82799,86400,0,NaN,NaN,NaN,NaN,NaN,NaN,NaN,NaN,NaN,NaN,NaN,NaN,NaN,NaN,NaN,NaN,NaN,NaN,NaN,NaN,NaN,NaN,NaN,NaN,NaN,NaN,NaN,NaN,NaN,NaN,NaN,NaN,NaN,NaN,NaN,NaN,NaN,NaN,NaN,26.130787037037,3,-51.87939973711
0,17999,-285.30942017003,71839,74253,-17.488481431499,82799,86400,0,NaN,NaN,NaN,NaN,NaN,NaN,NaN,NaN,NaN,NaN,NaN,NaN,NaN,NaN,NaN,NaN,NaN,NaN,NaN,NaN,NaN,NaN,NaN,NaN,NaN,NaN,NaN,NaN,NaN,NaN,NaN,NaN,NaN,NaN,NaN,NaN,NaN,NaN,NaN,27.9050925925926,3,-285.30942017003
0,17999,-299.348725096469,57853,86400,0,NaN,NaN,NaN,NaN,NaN,NaN,NaN,NaN,NaN,NaN,NaN,NaN,NaN,NaN,NaN,NaN,NaN,NaN,NaN,NaN,NaN,NaN,NaN,NaN,NaN,NaN,NaN,NaN,NaN,NaN,NaN,NaN,NaN,NaN,NaN,NaN,NaN,NaN,NaN,NaN,NaN,NaN,53.8726851851852,2,-299.348725096469
0,17999,-51.806678648696,21776,25097,-23.297488652276,27269,28718,-9.521338993141,31347,33207,-22.872828803772,35741,37697,-23.299028729557,40162,41640,-23.319280930229,59202,60278,-22.923760099741,63581,64855,-23.038396539483,67523,69309,-23.305158795103,71414,72855,-23.327975776081,75235,76455,-22.752863632852,78751,80048,-23.260320218409,82229,86400,0,NaN,NaN,NaN,NaN,NaN,NaN,NaN,NaN,NaN,46.676543095566,13,-51.806678648696
0,20693,-237.710057183371,32275,34153,-5.16111032727599,43863,86400,0,NaN,NaN,NaN,NaN,NaN,NaN,NaN,NaN,NaN,NaN,NaN,NaN,NaN,NaN,NaN,NaN,NaN,NaN,NaN,NaN,NaN,NaN,NaN,NaN,NaN,NaN,NaN,NaN,NaN,NaN,NaN,NaN,NaN,NaN,NaN,NaN,NaN,NaN,NaN,75.3567667040891,3,-237.710057183371
0,17999,-14.126649377929,67504,69282,-23.004803535697,71495,72894,-23.104862465217,75151,76501,-23.109371970886,78694,80072,-23.054192605707,82279,86400,0,NaN,NaN,NaN,NaN,NaN,NaN,NaN,NaN,NaN,NaN,NaN,NaN,NaN,NaN,NaN,NaN,NaN,NaN,NaN,NaN,NaN,NaN,NaN,NaN,NaN,NaN,NaN,NaN,NaN,NaN,32.4363425925926,6,-23.109371970886
0,17999,-48.9947261956,21825,25113,-22.993507752661,27498,28693,-24.054655314879,31401,33263,-24.647758676691,35808,37697,-24.768470751148,40205,42356,-23.036174159498,44818,46932,-23.249418199651,50013,51318,-23.301883405013,53795,55851,-23.209563526549,58611,60198,-23.138492292084,63438,64799,-23.37739838493,67806,69298,-23.3199159611323,71463,72893,-23.1663946279285,75289,76500,-22.8123349182335,78718,80048,-23.210555041918,82313,86400,0,53.6539351851852,16,-48.9947261956
0,17999,-1.962701797639,40630,42359,-23.016976985863,44735,47096,-23.1160787224,49598,51556,-23.322931272864,54220,55870,-23.360973436221,58892,60344,-23.122290982553,63875,64883,-23.101430667381,67861,69423,-23.036215271651,71899,72964,-22.878737239133,75306,76548,-23.367030105416,78883,80168,-23.223312628136,82787,86400,0,NaN,NaN,NaN,NaN,NaN,NaN,NaN,NaN,NaN,NaN,NaN,NaN,42.7361111111111,12,-23.367030105416
0,37694,-22.882903227482,40192,42472,-23.280373788265,45421,47101,-23.252502257803,49923,51287,-23.261296699292,53680,56064,-22.832505877003,58610,60262,-22.895102082636,63284,64776,-23.271224746992,67689,69344,-22.96356669221,71610,72893,-23.195953557934,75076,76507,-22.788069574971,78746,80051,-23.11659252713,82258,86400,0,NaN,NaN,NaN,NaN,NaN,NaN,NaN,NaN,NaN,NaN,NaN,NaN,67.5486111111111,12,-23.280373788265
0,17999,-49.555238755811,21762,25107,-22.870276166921,27312,28696,-23.278540352204,31492,33192,-23.016199241849,35822,37704,-23.139795060117,40204,42426,-22.860142470126,44986,86400,0,NaN,NaN,NaN,NaN,NaN,NaN,NaN,NaN,NaN,NaN,NaN,NaN,NaN,NaN,NaN,NaN,NaN,NaN,NaN,NaN,NaN,NaN,NaN,NaN,NaN,NaN,NaN,80.3046261038645,7,-49.555238755811
0,36985,-52.090201554697,43010,44194,-51.2137052664179,50261,51445,-51.868645026215,57438,58580,-51.986965786721,64995,65765,-52.0585704791,72149,72932,-52.176262631008,79329,80728,-5.69711182235301,82008,86400,0,NaN,NaN,NaN,NaN,NaN,NaN,NaN,NaN,NaN,NaN,NaN,NaN,NaN,NaN,NaN,NaN,NaN,NaN,NaN,NaN,NaN,NaN,NaN,NaN,55.369212962963,8,-52.176262631008
0,17999,-17.03442038962,59772,61233,-23.908521515233,63955,65848,-23.555678815372,68271,69333,-14.433094418434,82799,86400,0,NaN,NaN,NaN,NaN,NaN,NaN,NaN,NaN,NaN,NaN,NaN,NaN,NaN,NaN,NaN,NaN,NaN,NaN,NaN,NaN,NaN,NaN,NaN,NaN,NaN,NaN,NaN,NaN,NaN,NaN,NaN,NaN,NaN,30.2337962962963,5,-23.908521515233
0,17999,-54.943653441003,72753,73627,-13.765025572929,82799,86400,0,NaN,NaN,NaN,NaN,NaN,NaN,NaN,NaN,NaN,NaN,NaN,NaN,NaN,NaN,NaN,NaN,NaN,NaN,NaN,NaN,NaN,NaN,NaN,NaN,NaN,NaN,NaN,NaN,NaN,NaN,NaN,NaN,NaN,NaN,NaN,NaN,NaN,NaN,NaN,26.1388888888889,3,-54.943653441003
0,17999,-49.757459929938,21751,25095,-22.874802689383,27396,28675,-23.06396617626,31220,33207,-23.285210130626,35624,37676,-22.898680099883,40231,42419,-23.05068402947,45158,46962,-8.15536163667798,48036,86400,0,NaN,NaN,NaN,NaN,NaN,NaN,NaN,NaN,NaN,NaN,NaN,NaN,NaN,NaN,NaN,NaN,NaN,NaN,NaN,NaN,NaN,NaN,NaN,NaN,79.880787037037,8,-49.757459929938
0,17999,-46.114993985427,69970,72676,-92.010238890473,81253,86400,0,NaN,NaN,NaN,NaN,NaN,NaN,NaN,NaN,NaN,NaN,NaN,NaN,NaN,NaN,NaN,NaN,NaN,NaN,NaN,NaN,NaN,NaN,NaN,NaN,NaN,NaN,NaN,NaN,NaN,NaN,NaN,NaN,NaN,NaN,NaN,NaN,NaN,NaN,NaN,29.9212962962963,3,-92.010238890473
0,17999,-49.879436000748,21786,25112,-22.929560120644,27345,28708,-23.078118392566,31396,33215,-23.313909418345,35723,37715,-23.300011369187,40264,42238,-23.153377211063,44941,46816,-1.164533202917,82799,86400,0,NaN,NaN,NaN,NaN,NaN,NaN,NaN,NaN,NaN,NaN,NaN,NaN,NaN,NaN,NaN,NaN,NaN,NaN,NaN,NaN,NaN,NaN,NaN,NaN,39.2935266952929,8,-49.879436000748
0,58114,-311.711351719244,82799,86400,0,NaN,NaN,NaN,NaN,NaN,NaN,NaN,NaN,NaN,NaN,NaN,NaN,NaN,NaN,NaN,NaN,NaN,NaN,NaN,NaN,NaN,NaN,NaN,NaN,NaN,NaN,NaN,NaN,NaN,NaN,NaN,NaN,NaN,NaN,NaN,NaN,NaN,NaN,NaN,NaN,NaN,NaN,71.4293981481482,2,-311.711351719244
0,17999,-272.197534642937,82799,86400,0,NaN,NaN,NaN,NaN,NaN,NaN,NaN,NaN,NaN,NaN,NaN,NaN,NaN,NaN,NaN,NaN,NaN,NaN,NaN,NaN,NaN,NaN,NaN,NaN,NaN,NaN,NaN,NaN,NaN,NaN,NaN,NaN,NaN,NaN,NaN,NaN,NaN,NaN,NaN,NaN,NaN,NaN,25.8090277777778,2,-272.197534642937
0,22462,-146.376024091043,47375,86400,0,NaN,NaN,NaN,NaN,NaN,NaN,NaN,NaN,NaN,NaN,NaN,NaN,NaN,NaN,NaN,NaN,NaN,NaN,NaN,NaN,NaN,NaN,NaN,NaN,NaN,NaN,NaN,NaN,NaN,NaN,NaN,NaN,NaN,NaN,NaN,NaN,NaN,NaN,NaN,NaN,NaN,NaN,71.1658429879284,2,-146.376024091043
0,17999,-132.770786564267,82799,86400,0,NaN,NaN,NaN,NaN,NaN,NaN,NaN,NaN,NaN,NaN,NaN,NaN,NaN,NaN,NaN,NaN,NaN,NaN,NaN,NaN,NaN,NaN,NaN,NaN,NaN,NaN,NaN,NaN,NaN,NaN,NaN,NaN,NaN,NaN,NaN,NaN,NaN,NaN,NaN,NaN,NaN,NaN,25,2,-132.770786564267
0,17999,-3.486508885028,37026,39175,-26.987886033818,41752,42439,-33.303943087291,45971,46661,-27.166321752922,48857,50493,-26.972265321791,53247,54969,-33.456257086643,58814,60307,-26.997196025923,63053,64873,-27.01162747209,67781,69356,-33.612586018153,72735,74735,-26.772538448211,77273,86400,0,NaN,NaN,NaN,NaN,NaN,NaN,NaN,NaN,NaN,NaN,NaN,NaN,NaN,NaN,NaN,46.8645833333333,11,-33.612586018153
0,17999,-113.486140362811,82799,86400,0,NaN,NaN,NaN,NaN,NaN,NaN,NaN,NaN,NaN,NaN,NaN,NaN,NaN,NaN,NaN,NaN,NaN,NaN,NaN,NaN,NaN,NaN,NaN,NaN,NaN,NaN,NaN,NaN,NaN,NaN,NaN,NaN,NaN,NaN,NaN,NaN,NaN,NaN,NaN,NaN,NaN,NaN,25,2,-113.486140362811
0,57615,-341.463669659536,82799,86400,0,NaN,NaN,NaN,NaN,NaN,NaN,NaN,NaN,NaN,NaN,NaN,NaN,NaN,NaN,NaN,NaN,NaN,NaN,NaN,NaN,NaN,NaN,NaN,NaN,NaN,NaN,NaN,NaN,NaN,NaN,NaN,NaN,NaN,NaN,NaN,NaN,NaN,NaN,NaN,NaN,NaN,NaN,70.8518518518518,2,-341.463669659536
0,17999,-16.674074204404,67543,69299,-23.304843993229,71425,72917,-22.807133789298,75061,76429,-22.953056576637,78755,80070,-23.285385250726,82215,86400,0,NaN,NaN,NaN,NaN,NaN,NaN,NaN,NaN,NaN,NaN,NaN,NaN,NaN,NaN,NaN,NaN,NaN,NaN,NaN,NaN,NaN,NaN,NaN,NaN,NaN,NaN,NaN,NaN,NaN,NaN,32.5405092592593,6,-23.304843993229
0,17999,-60.42101775694,69744,86400,0,NaN,NaN,NaN,NaN,NaN,NaN,NaN,NaN,NaN,NaN,NaN,NaN,NaN,NaN,NaN,NaN,NaN,NaN,NaN,NaN,NaN,NaN,NaN,NaN,NaN,NaN,NaN,NaN,NaN,NaN,NaN,NaN,NaN,NaN,NaN,NaN,NaN,NaN,NaN,NaN,NaN,NaN,40.5226791356582,2,-60.42101775694
0,22333,-241.891926677563,54093,86400,0,NaN,NaN,NaN,NaN,NaN,NaN,NaN,NaN,NaN,NaN,NaN,NaN,NaN,NaN,NaN,NaN,NaN,NaN,NaN,NaN,NaN,NaN,NaN,NaN,NaN,NaN,NaN,NaN,NaN,NaN,NaN,NaN,NaN,NaN,NaN,NaN,NaN,NaN,NaN,NaN,NaN,NaN,63.2411661902061,2,-241.891926677563
0,17999,-228.134015217691,64687,66839,-5.193582516524,69426,71535,-14.515167687304,82799,86400,0,NaN,NaN,NaN,NaN,NaN,NaN,NaN,NaN,NaN,NaN,NaN,NaN,NaN,NaN,NaN,NaN,NaN,NaN,NaN,NaN,NaN,NaN,NaN,NaN,NaN,NaN,NaN,NaN,NaN,NaN,NaN,NaN,NaN,NaN,NaN,NaN,29.931712962963,4,-228.134015217691
0,26653,-355.476550199556,70742,74148,-4.85854781090539,74917,86400,0,NaN,NaN,NaN,NaN,NaN,NaN,NaN,NaN,NaN,NaN,NaN,NaN,NaN,NaN,NaN,NaN,NaN,NaN,NaN,NaN,NaN,NaN,NaN,NaN,NaN,NaN,NaN,NaN,NaN,NaN,NaN,NaN,NaN,NaN,NaN,NaN,NaN,NaN,NaN,48.0816194257011,3,-355.476550199556
0,17999,-347.821725447622,76999,77823,-27.9088789863288,82799,86400,0,NaN,NaN,NaN,NaN,NaN,NaN,NaN,NaN,NaN,NaN,NaN,NaN,NaN,NaN,NaN,NaN,NaN,NaN,NaN,NaN,NaN,NaN,NaN,NaN,NaN,NaN,NaN,NaN,NaN,NaN,NaN,NaN,NaN,NaN,NaN,NaN,NaN,NaN,NaN,26.0775462962963,3,-347.821725447622
0,21480,-228.661989017475,74068,86400,0,NaN,NaN,NaN,NaN,NaN,NaN,NaN,NaN,NaN,NaN,NaN,NaN,NaN,NaN,NaN,NaN,NaN,NaN,NaN,NaN,NaN,NaN,NaN,NaN,NaN,NaN,NaN,NaN,NaN,NaN,NaN,NaN,NaN,NaN,NaN,NaN,NaN,NaN,NaN,NaN,NaN,NaN,39.5805604101804,2,-228.661989017475
0,17999,-247.327542529734,48037,86400,0,NaN,NaN,NaN,NaN,NaN,NaN,NaN,NaN,NaN,NaN,NaN,NaN,NaN,NaN,NaN,NaN,NaN,NaN,NaN,NaN,NaN,NaN,NaN,NaN,NaN,NaN,NaN,NaN,NaN,NaN,NaN,NaN,NaN,NaN,NaN,NaN,NaN,NaN,NaN,NaN,NaN,NaN,65.234198678256,2,-247.327542529734
0,17999,-41.977217141825,70037,71605,-10.190191005106,82799,86400,0,NaN,NaN,NaN,NaN,NaN,NaN,NaN,NaN,NaN,NaN,NaN,NaN,NaN,NaN,NaN,NaN,NaN,NaN,NaN,NaN,NaN,NaN,NaN,NaN,NaN,NaN,NaN,NaN,NaN,NaN,NaN,NaN,NaN,NaN,NaN,NaN,NaN,NaN,NaN,26.9513888888889,3,-41.977217141825
0,22548,-209.145062160671,46815,86400,0,NaN,NaN,NaN,NaN,NaN,NaN,NaN,NaN,NaN,NaN,NaN,NaN,NaN,NaN,NaN,NaN,NaN,NaN,NaN,NaN,NaN,NaN,NaN,NaN,NaN,NaN,NaN,NaN,NaN,NaN,NaN,NaN,NaN,NaN,NaN,NaN,NaN,NaN,NaN,NaN,NaN,NaN,71.91351951945,2,-209.145062160671
0,55432,-183.341979948905,69838,86400,0,NaN,NaN,NaN,NaN,NaN,NaN,NaN,NaN,NaN,NaN,NaN,NaN,NaN,NaN,NaN,NaN,NaN,NaN,NaN,NaN,NaN,NaN,NaN,NaN,NaN,NaN,NaN,NaN,NaN,NaN,NaN,NaN,NaN,NaN,NaN,NaN,NaN,NaN,NaN,NaN,NaN,NaN,82.6493055555556,2,-183.341979948905
0,42343,-76.255423207093,49706,51109,-76.36117418195,60484,61812,-76.857986303016,69589,70769,-76.453611923531,78236,86400,0,NaN,NaN,NaN,NaN,NaN,NaN,NaN,NaN,NaN,NaN,NaN,NaN,NaN,NaN,NaN,NaN,NaN,NaN,NaN,NaN,NaN,NaN,NaN,NaN,NaN,NaN,NaN,NaN,NaN,NaN,NaN,NaN,NaN,62.2037037037037,5,-76.857986303016
0,70679,-23.434658167937,71293,76706,-41.35507419338,77925,86400,0,NaN,NaN,NaN,NaN,NaN,NaN,NaN,NaN,NaN,NaN,NaN,NaN,NaN,NaN,NaN,NaN,NaN,NaN,NaN,NaN,NaN,NaN,NaN,NaN,NaN,NaN,NaN,NaN,NaN,NaN,NaN,NaN,NaN,NaN,NaN,NaN,NaN,NaN,NaN,96.9699074074074,3,-41.35507419338
0,22489,-214.391072732821,47385,86400,0,NaN,NaN,NaN,NaN,NaN,NaN,NaN,NaN,NaN,NaN,NaN,NaN,NaN,NaN,NaN,NaN,NaN,NaN,NaN,NaN,NaN,NaN,NaN,NaN,NaN,NaN,NaN,NaN,NaN,NaN,NaN,NaN,NaN,NaN,NaN,NaN,NaN,NaN,NaN,NaN,NaN,NaN,71.1855186861263,2,-214.391072732821
0,57304,-245.121384783628,75842,86400,0,NaN,NaN,NaN,NaN,NaN,NaN,NaN,NaN,NaN,NaN,NaN,NaN,NaN,NaN,NaN,NaN,NaN,NaN,NaN,NaN,NaN,NaN,NaN,NaN,NaN,NaN,NaN,NaN,NaN,NaN,NaN,NaN,NaN,NaN,NaN,NaN,NaN,NaN,NaN,NaN,NaN,NaN,77.8993055555556,2,-245.121384783628
0,17999,-43.779157558342,82799,86400,0,NaN,NaN,NaN,NaN,NaN,NaN,NaN,NaN,NaN,NaN,NaN,NaN,NaN,NaN,NaN,NaN,NaN,NaN,NaN,NaN,NaN,NaN,NaN,NaN,NaN,NaN,NaN,NaN,NaN,NaN,NaN,NaN,NaN,NaN,NaN,NaN,NaN,NaN,NaN,NaN,NaN,NaN,25,2,-43.779157558342
0,17999,-90.889957177064,67583,68814,-76.669077806951,76466,80661,-2.41085212302301,82799,86400,0,NaN,NaN,NaN,NaN,NaN,NaN,NaN,NaN,NaN,NaN,NaN,NaN,NaN,NaN,NaN,NaN,NaN,NaN,NaN,NaN,NaN,NaN,NaN,NaN,NaN,NaN,NaN,NaN,NaN,NaN,NaN,NaN,NaN,NaN,NaN,NaN,31.7731481481481,4,-90.889957177064
0,17999,-12.0075145810411,19177,20759,-22.744338982791,22590,24457,-22.940719863968,26804,27834,-22.851177231232,30437,32357,-22.637288222329,35104,36907,-22.958459809104,39528,41327,-22.810374568581,43567,46058,-23.042729688596,48462,50585,-22.751013698075,53278,54982,-22.716103036543,57830,59523,-23.06132223627,62358,64060,-23.35063357462,66750,68538,-29.163959100652,73156,86400,0,NaN,NaN,NaN,NaN,NaN,NaN,61.5601851851852,14,-29.163959100652
0,21947,-215.724031130075,71047,86400,0,NaN,NaN,NaN,NaN,NaN,NaN,NaN,NaN,NaN,NaN,NaN,NaN,NaN,NaN,NaN,NaN,NaN,NaN,NaN,NaN,NaN,NaN,NaN,NaN,NaN,NaN,NaN,NaN,NaN,NaN,NaN,NaN,NaN,NaN,NaN,NaN,NaN,NaN,NaN,NaN,NaN,NaN,43.6145833333333,2,-215.724031130075
0,17999,-32.52195741721,28452,55625,-251.553229790019,75309,80904,-18.757683914379,82799,86400,0,NaN,NaN,NaN,NaN,NaN,NaN,NaN,NaN,NaN,NaN,NaN,NaN,NaN,NaN,NaN,NaN,NaN,NaN,NaN,NaN,NaN,NaN,NaN,NaN,NaN,NaN,NaN,NaN,NaN,NaN,NaN,NaN,NaN,NaN,NaN,NaN,62.9965277777778,4,-251.553229790019
0,17999,-282.420557297202,68650,71014,-16.407624862964,82799,86400,0,NaN,NaN,NaN,NaN,NaN,NaN,NaN,NaN,NaN,NaN,NaN,NaN,NaN,NaN,NaN,NaN,NaN,NaN,NaN,NaN,NaN,NaN,NaN,NaN,NaN,NaN,NaN,NaN,NaN,NaN,NaN,NaN,NaN,NaN,NaN,NaN,NaN,NaN,NaN,27.8460648148148,3,-282.420557297202
0,17999,-56.484493783033,42878,49236,-246.19584714803,68862,70065,-51.1906287753694,82799,86400,0,NaN,NaN,NaN,NaN,NaN,NaN,NaN,NaN,NaN,NaN,NaN,NaN,NaN,NaN,NaN,NaN,NaN,NaN,NaN,NaN,NaN,NaN,NaN,NaN,NaN,NaN,NaN,NaN,NaN,NaN,NaN,NaN,NaN,NaN,NaN,NaN,33.9351851851852,4,-246.19584714803
0,17999,-136.360801410833,82799,86400,0,NaN,NaN,NaN,NaN,NaN,NaN,NaN,NaN,NaN,NaN,NaN,NaN,NaN,NaN,NaN,NaN,NaN,NaN,NaN,NaN,NaN,NaN,NaN,NaN,NaN,NaN,NaN,NaN,NaN,NaN,NaN,NaN,NaN,NaN,NaN,NaN,NaN,NaN,NaN,NaN,NaN,NaN,25.6064814814815,2,-136.360801410833
0,47189,-316.482454684064,80070,86400,0,NaN,NaN,NaN,NaN,NaN,NaN,NaN,NaN,NaN,NaN,NaN,NaN,NaN,NaN,NaN,NaN,NaN,NaN,NaN,NaN,NaN,NaN,NaN,NaN,NaN,NaN,NaN,NaN,NaN,NaN,NaN,NaN,NaN,NaN,NaN,NaN,NaN,NaN,NaN,NaN,NaN,NaN,61.943287037037,2,-316.482454684064
0,17999,-76.129878189041,43120,45547,-92.08792504332,53824,56280,-92.043594309751,65183,66950,-94.4568213375914,72916,73601,-17.7168407410156,82799,86400,0,NaN,NaN,NaN,NaN,NaN,NaN,NaN,NaN,NaN,NaN,NaN,NaN,NaN,NaN,NaN,NaN,NaN,NaN,NaN,NaN,NaN,NaN,NaN,NaN,NaN,NaN,NaN,NaN,NaN,NaN,33.6122685185185,6,-94.4568213375914
0,22777,-76.499955416728,31376,33378,-73.829088041643,40500,42241,-46.756464792176,47004,86400,0,NaN,NaN,NaN,NaN,NaN,NaN,NaN,NaN,NaN,NaN,NaN,NaN,NaN,NaN,NaN,NaN,NaN,NaN,NaN,NaN,NaN,NaN,NaN,NaN,NaN,NaN,NaN,NaN,NaN,NaN,NaN,NaN,NaN,NaN,NaN,NaN,76.2919410654969,4,-76.499955416728
0,17999,-252.713792492185,72034,73051,-13.189471275903,82799,86400,0,NaN,NaN,NaN,NaN,NaN,NaN,NaN,NaN,NaN,NaN,NaN,NaN,NaN,NaN,NaN,NaN,NaN,NaN,NaN,NaN,NaN,NaN,NaN,NaN,NaN,NaN,NaN,NaN,NaN,NaN,NaN,NaN,NaN,NaN,NaN,NaN,NaN,NaN,NaN,26.3090277777778,3,-252.713792492185
0,36953,-24.910628677844,39850,41444,-24.545796335556,43889,46060,-24.982761096785,48729,50609,-24.620075136701,53670,55021,-24.700188397682,58103,59650,-24.130835306611,62489,64097,-24.536886544071,66810,68559,-24.555938402019,70746,86400,0,NaN,NaN,NaN,NaN,NaN,NaN,NaN,NaN,NaN,NaN,NaN,NaN,NaN,NaN,NaN,NaN,NaN,NaN,NaN,NaN,NaN,74.6608796296296,9,-24.982761096785
0,21814,-305.928112590059,68319,71241,-5.06275269786201,72247,86400,0,NaN,NaN,NaN,NaN,NaN,NaN,NaN,NaN,NaN,NaN,NaN,NaN,NaN,NaN,NaN,NaN,NaN,NaN,NaN,NaN,NaN,NaN,NaN,NaN,NaN,NaN,NaN,NaN,NaN,NaN,NaN,NaN,NaN,NaN,NaN,NaN,NaN,NaN,NaN,45.0110531128112,3,-305.928112590059
0,25356,-24.899925362859,28096,28967,-24.72065930313,31738,33450,-24.298842567799,35975,37917,-24.107900867702,40371,86400,0,NaN,NaN,NaN,NaN,NaN,NaN,NaN,NaN,NaN,NaN,NaN,NaN,NaN,NaN,NaN,NaN,NaN,NaN,NaN,NaN,NaN,NaN,NaN,NaN,NaN,NaN,NaN,NaN,NaN,NaN,NaN,NaN,NaN,87.8589368178609,5,-24.899925362859
0,17999,-123.302147507065,71704,73193,-2.47676831239301,76572,79283,-11.45325628839,82799,86400,0,NaN,NaN,NaN,NaN,NaN,NaN,NaN,NaN,NaN,NaN,NaN,NaN,NaN,NaN,NaN,NaN,NaN,NaN,NaN,NaN,NaN,NaN,NaN,NaN,NaN,NaN,NaN,NaN,NaN,NaN,NaN,NaN,NaN,NaN,NaN,NaN,30.03125,4,-123.302147507065
0,18795,-23.354187351439,20957,22412,-22.968792893006,24635,26050,-23.363476145638,28838,30508,-23.399563443806,33295,34998,-22.773194741184,37418,39506,-22.725186176754,41870,44297,-22.574252134714,46972,48635,-22.782321445271,51385,53160,-23.123038004392,55773,57688,-23.087766399908,60779,62223,-23.162836611213,64934,66660,-23.402260833483,69110,70575,-3.73941575596,71477,86400,0,NaN,NaN,NaN,NaN,NaN,NaN,63.037037037037,14,-23.402260833483
0,17999,-304.492636880326,75914,76773,-0.680750662029013,82799,86400,0,NaN,NaN,NaN,NaN,NaN,NaN,NaN,NaN,NaN,NaN,NaN,NaN,NaN,NaN,NaN,NaN,NaN,NaN,NaN,NaN,NaN,NaN,NaN,NaN,NaN,NaN,NaN,NaN,NaN,NaN,NaN,NaN,NaN,NaN,NaN,NaN,NaN,NaN,NaN,25.994212962963,3,-304.492636880326
0,17999,-56.596102413412,22350,24302,-64.553985165354,28432,55172,-191.463508464299,70141,72859,-5.228338345637,73701,86400,0,NaN,NaN,NaN,NaN,NaN,NaN,NaN,NaN,NaN,NaN,NaN,NaN,NaN,NaN,NaN,NaN,NaN,NaN,NaN,NaN,NaN,NaN,NaN,NaN,NaN,NaN,NaN,NaN,NaN,NaN,NaN,NaN,NaN,71.8845846691589,5,-191.463508464299
0,17999,-0.18136780614401,26567,27832,-23.054164674453,30640,32420,-23.221355646696,35066,36956,-23.156907500921,39481,41351,-23.195562335702,43814,46083,-23.181734226821,48457,50525,-23.329209728091,53437,55054,-22.646937251046,57608,59567,-23.130155984815,62332,64084,-23.341817092882,66941,68514,-23.337435656006,70834,72933,-6.402828032358,82799,86400,0,NaN,NaN,NaN,NaN,NaN,NaN,NaN,NaN,NaN,48.4293981481482,13,-23.341817092882
0,17999,-87.59410080288,82799,86400,0,NaN,NaN,NaN,NaN,NaN,NaN,NaN,NaN,NaN,NaN,NaN,NaN,NaN,NaN,NaN,NaN,NaN,NaN,NaN,NaN,NaN,NaN,NaN,NaN,NaN,NaN,NaN,NaN,NaN,NaN,NaN,NaN,NaN,NaN,NaN,NaN,NaN,NaN,NaN,NaN,NaN,NaN,25,2,-87.59410080288
0,17999,-17.584936001252,33272,35009,-23.149149259906,37764,39499,-23.282096818866,41867,44373,-23.361406758563,46667,48738,-23.233381337965,51258,57759,-23.443780462954,60777,62269,-23.353308094535,65367,66736,-23.233120142292,69126,71824,-12.282311173192,82799,86400,0,NaN,NaN,NaN,NaN,NaN,NaN,NaN,NaN,NaN,NaN,NaN,NaN,NaN,NaN,NaN,NaN,NaN,NaN,48.4010601729147,10,-23.443780462954
0,17999,-231.958622306788,66119,67080,-10.887849778662,82799,86400,0,NaN,NaN,NaN,NaN,NaN,NaN,NaN,NaN,NaN,NaN,NaN,NaN,NaN,NaN,NaN,NaN,NaN,NaN,NaN,NaN,NaN,NaN,NaN,NaN,NaN,NaN,NaN,NaN,NaN,NaN,NaN,NaN,NaN,NaN,NaN,NaN,NaN,NaN,NaN,26.3368055555556,3,-231.958622306788
0,17999,-209.669120016696,82799,86400,0,NaN,NaN,NaN,NaN,NaN,NaN,NaN,NaN,NaN,NaN,NaN,NaN,NaN,NaN,NaN,NaN,NaN,NaN,NaN,NaN,NaN,NaN,NaN,NaN,NaN,NaN,NaN,NaN,NaN,NaN,NaN,NaN,NaN,NaN,NaN,NaN,NaN,NaN,NaN,NaN,NaN,NaN,25,2,-209.669120016696
0,17999,0,82799,86400,0,NaN,NaN,NaN,NaN,NaN,NaN,NaN,NaN,NaN,NaN,NaN,NaN,NaN,NaN,NaN,NaN,NaN,NaN,NaN,NaN,NaN,NaN,NaN,NaN,NaN,NaN,NaN,NaN,NaN,NaN,NaN,NaN,NaN,NaN,NaN,NaN,NaN,NaN,NaN,NaN,NaN,NaN,25.0008680455087,2,0
0,17999,-19.113978127991,41890,44195,-23.144450379207,46796,48659,-23.103913428328,51975,53203,-23.016682302195,55748,57690,-23.229412448903,60769,62616,-23.025181322165,65207,66667,-23.330654495605,69290,75774,-4.76025575977599,77069,86400,0,NaN,NaN,NaN,NaN,NaN,NaN,NaN,NaN,NaN,NaN,NaN,NaN,NaN,NaN,NaN,NaN,NaN,NaN,NaN,NaN,NaN,51.4571759259259,9,-23.330654495605
0,18797,-23.296083546017,20645,22404,-23.334179533665,24615,25993,-23.316842144596,28737,30495,-23.367290004632,33207,34993,-12.154716749724,36433,86400,0,NaN,NaN,NaN,NaN,NaN,NaN,NaN,NaN,NaN,NaN,NaN,NaN,NaN,NaN,NaN,NaN,NaN,NaN,NaN,NaN,NaN,NaN,NaN,NaN,NaN,NaN,NaN,NaN,NaN,NaN,87.3207486024467,6,-23.367290004632
0,17999,-11.581085404879,37669,39563,-23.38165087256,42256,44244,-23.187014618551,46750,48756,-23.085928748876,51360,53218,-23.128296365375,55660,57794,-23.489373448362,60629,62165,-23.081546160025,64901,66780,-23.383555425341,69240,70250,-5.47446173650997,71705,86400,0,NaN,NaN,NaN,NaN,NaN,NaN,NaN,NaN,NaN,NaN,NaN,NaN,NaN,NaN,NaN,NaN,NaN,NaN,54.3969907407407,10,-23.489373448362
0,39947,-108.415229363274,43430,86400,0,NaN,NaN,NaN,NaN,NaN,NaN,NaN,NaN,NaN,NaN,NaN,NaN,NaN,NaN,NaN,NaN,NaN,NaN,NaN,NaN,NaN,NaN,NaN,NaN,NaN,NaN,NaN,NaN,NaN,NaN,NaN,NaN,NaN,NaN,NaN,NaN,NaN,NaN,NaN,NaN,NaN,NaN,95.8252314814815,2,-108.415229363274
0,20032,-245.445787911209,38068,55404,-193.63908050598,71293,72839,-0.9875440733418,82799,86400,0,NaN,NaN,NaN,NaN,NaN,NaN,NaN,NaN,NaN,NaN,NaN,NaN,NaN,NaN,NaN,NaN,NaN,NaN,NaN,NaN,NaN,NaN,NaN,NaN,NaN,NaN,NaN,NaN,NaN,NaN,NaN,NaN,NaN,NaN,NaN,NaN,49.6354166666667,4,-245.445787911209
0,22239,-153.205583250067,40566,86400,0,NaN,NaN,NaN,NaN,NaN,NaN,NaN,NaN,NaN,NaN,NaN,NaN,NaN,NaN,NaN,NaN,NaN,NaN,NaN,NaN,NaN,NaN,NaN,NaN,NaN,NaN,NaN,NaN,NaN,NaN,NaN,NaN,NaN,NaN,NaN,NaN,NaN,NaN,NaN,NaN,NaN,NaN,78.7884399486117,2,-153.205583250067
0,17999,-23.468578726034,60530,62129,-23.985656344483,64985,66678,-23.596776364275,69223,69856,-7.462173536926,82799,86400,0,NaN,NaN,NaN,NaN,NaN,NaN,NaN,NaN,NaN,NaN,NaN,NaN,NaN,NaN,NaN,NaN,NaN,NaN,NaN,NaN,NaN,NaN,NaN,NaN,NaN,NaN,NaN,NaN,NaN,NaN,NaN,NaN,NaN,29.7465277777778,5,-23.985656344483
0,17999,-34.426582391627,78452,79350,-23.194991926057,82799,86400,0,NaN,NaN,NaN,NaN,NaN,NaN,NaN,NaN,NaN,NaN,NaN,NaN,NaN,NaN,NaN,NaN,NaN,NaN,NaN,NaN,NaN,NaN,NaN,NaN,NaN,NaN,NaN,NaN,NaN,NaN,NaN,NaN,NaN,NaN,NaN,NaN,NaN,NaN,NaN,26.1828703703704,3,-34.426582391627
0,17999,-130.856694646162,28275,29743,-22.7641990326539,32318,34210,-22.888590966893,36791,38717,-23.348217955794,41489,43178,-23.276363471007,45819,47877,-22.991576894048,50413,52675,-22.942684582654,55543,56788,-23.141127511155,59615,61367,-23.297377050254,64512,65825,-23.2391537891471,68514,69132,-5.2697799039812,70398,86400,0,NaN,NaN,NaN,NaN,NaN,NaN,NaN,NaN,NaN,NaN,NaN,NaN,58.130114234789,12,-130.856694646162
0,17999,-134.279209410451,78118,80906,-2.45534733599703,82799,86400,0,NaN,NaN,NaN,NaN,NaN,NaN,NaN,NaN,NaN,NaN,NaN,NaN,NaN,NaN,NaN,NaN,NaN,NaN,NaN,NaN,NaN,NaN,NaN,NaN,NaN,NaN,NaN,NaN,NaN,NaN,NaN,NaN,NaN,NaN,NaN,NaN,NaN,NaN,NaN,28.2268518518519,3,-134.279209410451
0,17999,-305.298429785367,82799,86400,0,NaN,NaN,NaN,NaN,NaN,NaN,NaN,NaN,NaN,NaN,NaN,NaN,NaN,NaN,NaN,NaN,NaN,NaN,NaN,NaN,NaN,NaN,NaN,NaN,NaN,NaN,NaN,NaN,NaN,NaN,NaN,NaN,NaN,NaN,NaN,NaN,NaN,NaN,NaN,NaN,NaN,NaN,25.3978541915024,2,-305.298429785367
0,17999,-71.765857611527,33275,35023,-76.818042549659,42271,44051,-76.857762992424,51321,52838,-76.193967275481,62085,63887,-75.2738102912744,71082,72666,-62.1204819141447,76161,81678,-4.02957962249616,82799,86400,0,NaN,NaN,NaN,NaN,NaN,NaN,NaN,NaN,NaN,NaN,NaN,NaN,NaN,NaN,NaN,NaN,NaN,NaN,NaN,NaN,NaN,NaN,NaN,NaN,41.1435185185185,8,-76.857762992424
0,34137,-23.125421825075,36828,38650,-23.288198598969,41171,86400,0,NaN,NaN,NaN,NaN,NaN,NaN,NaN,NaN,NaN,NaN,NaN,NaN,NaN,NaN,NaN,NaN,NaN,NaN,NaN,NaN,NaN,NaN,NaN,NaN,NaN,NaN,NaN,NaN,NaN,NaN,NaN,NaN,NaN,NaN,NaN,NaN,NaN,NaN,NaN,93.8622685185185,3,-23.288198598969
0,17999,-225.099036608162,68081,69833,-11.376406180403,82799,86400,0,NaN,NaN,NaN,NaN,NaN,NaN,NaN,NaN,NaN,NaN,NaN,NaN,NaN,NaN,NaN,NaN,NaN,NaN,NaN,NaN,NaN,NaN,NaN,NaN,NaN,NaN,NaN,NaN,NaN,NaN,NaN,NaN,NaN,NaN,NaN,NaN,NaN,NaN,NaN,26.3645833333333,3,-225.099036608162
0,19893,-62.521702043678,24107,26024,-76.991665416588,33249,34888,-76.814711743417,42164,43942,-36.546536704195,46735,86400,0,NaN,NaN,NaN,NaN,NaN,NaN,NaN,NaN,NaN,NaN,NaN,NaN,NaN,NaN,NaN,NaN,NaN,NaN,NaN,NaN,NaN,NaN,NaN,NaN,NaN,NaN,NaN,NaN,NaN,NaN,NaN,NaN,NaN,75.1064814814815,5,-76.991665416588
0,17999,-155.366198640691,82799,86400,0,NaN,NaN,NaN,NaN,NaN,NaN,NaN,NaN,NaN,NaN,NaN,NaN,NaN,NaN,NaN,NaN,NaN,NaN,NaN,NaN,NaN,NaN,NaN,NaN,NaN,NaN,NaN,NaN,NaN,NaN,NaN,NaN,NaN,NaN,NaN,NaN,NaN,NaN,NaN,NaN,NaN,NaN,25.5925925925926,2,-155.366198640691
0,64669,-4.37039893551503,76122,86400,0,NaN,NaN,NaN,NaN,NaN,NaN,NaN,NaN,NaN,NaN,NaN,NaN,NaN,NaN,NaN,NaN,NaN,NaN,NaN,NaN,NaN,NaN,NaN,NaN,NaN,NaN,NaN,NaN,NaN,NaN,NaN,NaN,NaN,NaN,NaN,NaN,NaN,NaN,NaN,NaN,NaN,NaN,86.744212962963,2,-4.37039893551503
0,21803,-119.929622927688,36442,86400,0,NaN,NaN,NaN,NaN,NaN,NaN,NaN,NaN,NaN,NaN,NaN,NaN,NaN,NaN,NaN,NaN,NaN,NaN,NaN,NaN,NaN,NaN,NaN,NaN,NaN,NaN,NaN,NaN,NaN,NaN,NaN,NaN,NaN,NaN,NaN,NaN,NaN,NaN,NaN,NaN,NaN,NaN,83.0569090635525,2,-119.929622927688
0,61864,-230.642485262965,73068,74909,-5.49653499121499,76342,86400,0,NaN,NaN,NaN,NaN,NaN,NaN,NaN,NaN,NaN,NaN,NaN,NaN,NaN,NaN,NaN,NaN,NaN,NaN,NaN,NaN,NaN,NaN,NaN,NaN,NaN,NaN,NaN,NaN,NaN,NaN,NaN,NaN,NaN,NaN,NaN,NaN,NaN,NaN,NaN,85.1516203703704,3,-230.642485262965
0,28467,-26.66258160692,30705,40148,-149.636018014887,46966,86400,0,NaN,NaN,NaN,NaN,NaN,NaN,NaN,NaN,NaN,NaN,NaN,NaN,NaN,NaN,NaN,NaN,NaN,NaN,NaN,NaN,NaN,NaN,NaN,NaN,NaN,NaN,NaN,NaN,NaN,NaN,NaN,NaN,NaN,NaN,NaN,NaN,NaN,NaN,NaN,89.3508176988692,3,-149.636018014887
0,17999,-219.324580482538,43414,86400,0,NaN,NaN,NaN,NaN,NaN,NaN,NaN,NaN,NaN,NaN,NaN,NaN,NaN,NaN,NaN,NaN,NaN,NaN,NaN,NaN,NaN,NaN,NaN,NaN,NaN,NaN,NaN,NaN,NaN,NaN,NaN,NaN,NaN,NaN,NaN,NaN,NaN,NaN,NaN,NaN,NaN,NaN,70.5848311940834,2,-219.324580482538
0,17999,-341.448951530821,76112,77071,-16.1279039377931,82799,86400,0,NaN,NaN,NaN,NaN,NaN,NaN,NaN,NaN,NaN,NaN,NaN,NaN,NaN,NaN,NaN,NaN,NaN,NaN,NaN,NaN,NaN,NaN,NaN,NaN,NaN,NaN,NaN,NaN,NaN,NaN,NaN,NaN,NaN,NaN,NaN,NaN,NaN,NaN,NaN,26.2037037037037,3,-341.448951530821
0,21973,-63.383245157371,26404,27572,-77.424594563859,35208,36490,-77.951861568993,44204,45447,-76.626820224153,53259,54495,-76.5411964093646,62455,63475,-77.2662171847831,71257,72399,-65.4602604671492,76426,86400,0,NaN,NaN,NaN,NaN,NaN,NaN,NaN,NaN,NaN,NaN,NaN,NaN,NaN,NaN,NaN,NaN,NaN,NaN,NaN,NaN,NaN,NaN,NaN,NaN,45.1835048205461,8,-77.951861568993
0,17999,-23.170657181253,19685,21101,-26.740163150111,23391,24335,-33.3586449661501,27503,28238,-0.911260121722989,82799,86400,0,NaN,NaN,NaN,NaN,NaN,NaN,NaN,NaN,NaN,NaN,NaN,NaN,NaN,NaN,NaN,NaN,NaN,NaN,NaN,NaN,NaN,NaN,NaN,NaN,NaN,NaN,NaN,NaN,NaN,NaN,NaN,NaN,NaN,28.583002511545,5,-33.3586449661501
0,17999,-197.494426420164,79756,86400,0,NaN,NaN,NaN,NaN,NaN,NaN,NaN,NaN,NaN,NaN,NaN,NaN,NaN,NaN,NaN,NaN,NaN,NaN,NaN,NaN,NaN,NaN,NaN,NaN,NaN,NaN,NaN,NaN,NaN,NaN,NaN,NaN,NaN,NaN,NaN,NaN,NaN,NaN,NaN,NaN,NaN,NaN,28.5219907407407,2,-197.494426420164
0,21504,-342.303329155342,72574,73821,-5.02441613021681,74714,86400,0,NaN,NaN,NaN,NaN,NaN,NaN,NaN,NaN,NaN,NaN,NaN,NaN,NaN,NaN,NaN,NaN,NaN,NaN,NaN,NaN,NaN,NaN,NaN,NaN,NaN,NaN,NaN,NaN,NaN,NaN,NaN,NaN,NaN,NaN,NaN,NaN,NaN,NaN,NaN,40.1951366303631,3,-342.303329155342
0,17999,-321.628291538732,79468,86400,0,NaN,NaN,NaN,NaN,NaN,NaN,NaN,NaN,NaN,NaN,NaN,NaN,NaN,NaN,NaN,NaN,NaN,NaN,NaN,NaN,NaN,NaN,NaN,NaN,NaN,NaN,NaN,NaN,NaN,NaN,NaN,NaN,NaN,NaN,NaN,NaN,NaN,NaN,NaN,NaN,NaN,NaN,28.8553240740741,2,-321.628291538732
0,43977,-1.248476769543,82799,86400,0,NaN,NaN,NaN,NaN,NaN,NaN,NaN,NaN,NaN,NaN,NaN,NaN,NaN,NaN,NaN,NaN,NaN,NaN,NaN,NaN,NaN,NaN,NaN,NaN,NaN,NaN,NaN,NaN,NaN,NaN,NaN,NaN,NaN,NaN,NaN,NaN,NaN,NaN,NaN,NaN,NaN,NaN,55.0676496799806,2,-1.248476769543
0,17999,-14.465242939287,35522,36896,-22.856988264334,39486,41384,-18.422430130088,82799,86400,0,NaN,NaN,NaN,NaN,NaN,NaN,NaN,NaN,NaN,NaN,NaN,NaN,NaN,NaN,NaN,NaN,NaN,NaN,NaN,NaN,NaN,NaN,NaN,NaN,NaN,NaN,NaN,NaN,NaN,NaN,NaN,NaN,NaN,NaN,NaN,NaN,28.787037037037,4,-22.856988264334
0,40633,-167.45463774254,68437,69118,-4.39510488951601,69958,86400,0,NaN,NaN,NaN,NaN,NaN,NaN,NaN,NaN,NaN,NaN,NaN,NaN,NaN,NaN,NaN,NaN,NaN,NaN,NaN,NaN,NaN,NaN,NaN,NaN,NaN,NaN,NaN,NaN,NaN,NaN,NaN,NaN,NaN,NaN,NaN,NaN,NaN,NaN,NaN,66.8472222222222,3,-167.45463774254
0,17999,-105.022337356021,76280,77400,-12.061000864007,82799,86400,0,NaN,NaN,NaN,NaN,NaN,NaN,NaN,NaN,NaN,NaN,NaN,NaN,NaN,NaN,NaN,NaN,NaN,NaN,NaN,NaN,NaN,NaN,NaN,NaN,NaN,NaN,NaN,NaN,NaN,NaN,NaN,NaN,NaN,NaN,NaN,NaN,NaN,NaN,NaN,26.4560185185185,3,-105.022337356021
0,24073,-92.201323675991,32440,35060,-92.241210461639,43094,45360,-10.18441674473,46734,86400,0,NaN,NaN,NaN,NaN,NaN,NaN,NaN,NaN,NaN,NaN,NaN,NaN,NaN,NaN,NaN,NaN,NaN,NaN,NaN,NaN,NaN,NaN,NaN,NaN,NaN,NaN,NaN,NaN,NaN,NaN,NaN,NaN,NaN,NaN,NaN,NaN,79.4273214430389,4,-92.241210461639
0,17999,-232.306818801716,70519,71385,-2.97354339808101,82799,86400,0,NaN,NaN,NaN,NaN,NaN,NaN,NaN,NaN,NaN,NaN,NaN,NaN,NaN,NaN,NaN,NaN,NaN,NaN,NaN,NaN,NaN,NaN,NaN,NaN,NaN,NaN,NaN,NaN,NaN,NaN,NaN,NaN,NaN,NaN,NaN,NaN,NaN,NaN,NaN,26.0023148148148,3,-232.306818801716
0,17999,-2.956095623397,44428,63503,-7.09221355488103,82799,86400,0,NaN,NaN,NaN,NaN,NaN,NaN,NaN,NaN,NaN,NaN,NaN,NaN,NaN,NaN,NaN,NaN,NaN,NaN,NaN,NaN,NaN,NaN,NaN,NaN,NaN,NaN,NaN,NaN,NaN,NaN,NaN,NaN,NaN,NaN,NaN,NaN,NaN,NaN,NaN,47.337962962963,3,-7.09221355488103
0,17999,-192.842754862907,64545,65609,-5.14364168199901,69364,86400,0,NaN,NaN,NaN,NaN,NaN,NaN,NaN,NaN,NaN,NaN,NaN,NaN,NaN,NaN,NaN,NaN,NaN,NaN,NaN,NaN,NaN,NaN,NaN,NaN,NaN,NaN,NaN,NaN,NaN,NaN,NaN,NaN,NaN,NaN,NaN,NaN,NaN,NaN,NaN,41.7731481481481,3,-192.842754862907
0,17999,-11.984800621043,19049,20763,-23.088172987255,22903,24291,-23.166435355004,26544,27916,-23.187223550938,30531,32437,-23.040791618259,35155,36860,-22.850120242827,39436,41397,-18.147324437959,43421,86400,0,NaN,NaN,NaN,NaN,NaN,NaN,NaN,NaN,NaN,NaN,NaN,NaN,NaN,NaN,NaN,NaN,NaN,NaN,NaN,NaN,NaN,NaN,NaN,NaN,82.2039096769713,8,-23.187223550938
0,17999,-243.741342311508,82799,86400,0,NaN,NaN,NaN,NaN,NaN,NaN,NaN,NaN,NaN,NaN,NaN,NaN,NaN,NaN,NaN,NaN,NaN,NaN,NaN,NaN,NaN,NaN,NaN,NaN,NaN,NaN,NaN,NaN,NaN,NaN,NaN,NaN,NaN,NaN,NaN,NaN,NaN,NaN,NaN,NaN,NaN,NaN,25.6030092592593,2,-243.741342311508
0,25382,-252.281435039021,68405,69295,-5.192235740499,70213,86400,0,NaN,NaN,NaN,NaN,NaN,NaN,NaN,NaN,NaN,NaN,NaN,NaN,NaN,NaN,NaN,NaN,NaN,NaN,NaN,NaN,NaN,NaN,NaN,NaN,NaN,NaN,NaN,NaN,NaN,NaN,NaN,NaN,NaN,NaN,NaN,NaN,NaN,NaN,NaN,49.1429497343781,3,-252.281435039021
0,24411,-136.575719640327,40562,86400,0,NaN,NaN,NaN,NaN,NaN,NaN,NaN,NaN,NaN,NaN,NaN,NaN,NaN,NaN,NaN,NaN,NaN,NaN,NaN,NaN,NaN,NaN,NaN,NaN,NaN,NaN,NaN,NaN,NaN,NaN,NaN,NaN,NaN,NaN,NaN,NaN,NaN,NaN,NaN,NaN,NaN,NaN,81.3069293179477,2,-136.575719640327
0,17999,-14.754408323351,59317,61231,-26.422962868814,63949,65719,-34.068976746196,69220,71168,-25.497180502586,73547,75667,-26.296428523133,78045,86400,0,NaN,NaN,NaN,NaN,NaN,NaN,NaN,NaN,NaN,NaN,NaN,NaN,NaN,NaN,NaN,NaN,NaN,NaN,NaN,NaN,NaN,NaN,NaN,NaN,NaN,NaN,NaN,NaN,NaN,NaN,39.4224537037037,6,-34.068976746196
0,31014,-23.871787653439,32288,86400,0,NaN,NaN,NaN,NaN,NaN,NaN,NaN,NaN,NaN,NaN,NaN,NaN,NaN,NaN,NaN,NaN,NaN,NaN,NaN,NaN,NaN,NaN,NaN,NaN,NaN,NaN,NaN,NaN,NaN,NaN,NaN,NaN,NaN,NaN,NaN,NaN,NaN,NaN,NaN,NaN,NaN,NaN,98.525462962963,2,-23.871787653439
0,24138,-169.307996715457,74516,86400,0,NaN,NaN,NaN,NaN,NaN,NaN,NaN,NaN,NaN,NaN,NaN,NaN,NaN,NaN,NaN,NaN,NaN,NaN,NaN,NaN,NaN,NaN,NaN,NaN,NaN,NaN,NaN,NaN,NaN,NaN,NaN,NaN,NaN,NaN,NaN,NaN,NaN,NaN,NaN,NaN,NaN,NaN,41.6921296296296,2,-169.307996715457
0,57313,-238.796723131268,79610,80934,-5.49440851495001,82611,86400,0,NaN,NaN,NaN,NaN,NaN,NaN,NaN,NaN,NaN,NaN,NaN,NaN,NaN,NaN,NaN,NaN,NaN,NaN,NaN,NaN,NaN,NaN,NaN,NaN,NaN,NaN,NaN,NaN,NaN,NaN,NaN,NaN,NaN,NaN,NaN,NaN,NaN,NaN,NaN,72.2523148148148,3,-238.796723131268
0,34102,-2.63895871800105,40042,86400,0,NaN,NaN,NaN,NaN,NaN,NaN,NaN,NaN,NaN,NaN,NaN,NaN,NaN,NaN,NaN,NaN,NaN,NaN,NaN,NaN,NaN,NaN,NaN,NaN,NaN,NaN,NaN,NaN,NaN,NaN,NaN,NaN,NaN,NaN,NaN,NaN,NaN,NaN,NaN,NaN,NaN,NaN,93.125,2,-2.63895871800105
0,17999,-283.061101010888,82607,86400,0,NaN,NaN,NaN,NaN,NaN,NaN,NaN,NaN,NaN,NaN,NaN,NaN,NaN,NaN,NaN,NaN,NaN,NaN,NaN,NaN,NaN,NaN,NaN,NaN,NaN,NaN,NaN,NaN,NaN,NaN,NaN,NaN,NaN,NaN,NaN,NaN,NaN,NaN,NaN,NaN,NaN,NaN,25.2080415735929,2,-283.061101010888
0,17999,-167.76166433574,69577,71074,-9.12035131677601,82799,86400,0,NaN,NaN,NaN,NaN,NaN,NaN,NaN,NaN,NaN,NaN,NaN,NaN,NaN,NaN,NaN,NaN,NaN,NaN,NaN,NaN,NaN,NaN,NaN,NaN,NaN,NaN,NaN,NaN,NaN,NaN,NaN,NaN,NaN,NaN,NaN,NaN,NaN,NaN,NaN,26.7071759259259,3,-167.76166433574
0,17999,-214.244102394354,82799,86400,0,NaN,NaN,NaN,NaN,NaN,NaN,NaN,NaN,NaN,NaN,NaN,NaN,NaN,NaN,NaN,NaN,NaN,NaN,NaN,NaN,NaN,NaN,NaN,NaN,NaN,NaN,NaN,NaN,NaN,NaN,NaN,NaN,NaN,NaN,NaN,NaN,NaN,NaN,NaN,NaN,NaN,NaN,25.4108796296296,2,-214.244102394354
0,17999,-172.103830988501,47043,86400,0,NaN,NaN,NaN,NaN,NaN,NaN,NaN,NaN,NaN,NaN,NaN,NaN,NaN,NaN,NaN,NaN,NaN,NaN,NaN,NaN,NaN,NaN,NaN,NaN,NaN,NaN,NaN,NaN,NaN,NaN,NaN,NaN,NaN,NaN,NaN,NaN,NaN,NaN,NaN,NaN,NaN,NaN,66.3842592592593,2,-172.103830988501
0,24373,-245.38500567648,72909,86400,0,NaN,NaN,NaN,NaN,NaN,NaN,NaN,NaN,NaN,NaN,NaN,NaN,NaN,NaN,NaN,NaN,NaN,NaN,NaN,NaN,NaN,NaN,NaN,NaN,NaN,NaN,NaN,NaN,NaN,NaN,NaN,NaN,NaN,NaN,NaN,NaN,NaN,NaN,NaN,NaN,NaN,NaN,43.8090277777778,2,-245.38500567648
0,17999,-102.846116890731,71074,72602,-5.26725664297101,73324,80350,-8.35807115806801,82799,86400,0,NaN,NaN,NaN,NaN,NaN,NaN,NaN,NaN,NaN,NaN,NaN,NaN,NaN,NaN,NaN,NaN,NaN,NaN,NaN,NaN,NaN,NaN,NaN,NaN,NaN,NaN,NaN,NaN,NaN,NaN,NaN,NaN,NaN,NaN,NaN,NaN,34.900462962963,4,-102.846116890731
0,47032,-310.417639337882,79675,86400,0,NaN,NaN,NaN,NaN,NaN,NaN,NaN,NaN,NaN,NaN,NaN,NaN,NaN,NaN,NaN,NaN,NaN,NaN,NaN,NaN,NaN,NaN,NaN,NaN,NaN,NaN,NaN,NaN,NaN,NaN,NaN,NaN,NaN,NaN,NaN,NaN,NaN,NaN,NaN,NaN,NaN,NaN,62.21875,2,-310.417639337882
0,17999,-107.830056746809,75749,86400,0,NaN,NaN,NaN,NaN,NaN,NaN,NaN,NaN,NaN,NaN,NaN,NaN,NaN,NaN,NaN,NaN,NaN,NaN,NaN,NaN,NaN,NaN,NaN,NaN,NaN,NaN,NaN,NaN,NaN,NaN,NaN,NaN,NaN,NaN,NaN,NaN,NaN,NaN,NaN,NaN,NaN,NaN,33.1597222222222,2,-107.830056746809
0,18797,-23.140794236789,20656,22420,-22.860311445411,24669,25961,-23.904847827669,28723,30512,-22.911338978612,33176,34984,-23.21515376371,37486,62263,-23.053367182509,65141,66739,-23.345018336492,69308,69961,-6.08136947902102,82799,86400,0,NaN,NaN,NaN,NaN,NaN,NaN,NaN,NaN,NaN,NaN,NaN,NaN,NaN,NaN,NaN,NaN,NaN,NaN,NaN,NaN,NaN,65.1092001249986,9,-23.904847827669
0,22441,-211.6355311731,58628,86400,0,NaN,NaN,NaN,NaN,NaN,NaN,NaN,NaN,NaN,NaN,NaN,NaN,NaN,NaN,NaN,NaN,NaN,NaN,NaN,NaN,NaN,NaN,NaN,NaN,NaN,NaN,NaN,NaN,NaN,NaN,NaN,NaN,NaN,NaN,NaN,NaN,NaN,NaN,NaN,NaN,NaN,NaN,58.1173829006609,2,-211.6355311731
0,34971,-22.913109105524,37605,39456,-23.323219127064,41917,44523,-23.382246859961,47035,48805,-23.303900809831,51713,53353,-23.063127476194,55973,57781,-22.67114274851,60657,62285,-23.311293191596,65238,66772,-29.707265297185,70668,86400,0,NaN,NaN,NaN,NaN,NaN,NaN,NaN,NaN,NaN,NaN,NaN,NaN,NaN,NaN,NaN,NaN,NaN,NaN,NaN,NaN,NaN,74.0960648148148,9,-29.707265297185
0,17999,-11.676954031507,19122,20726,-23.349469656462,22825,24440,-22.592219480134,27181,27977,-23.334105491217,31183,32469,-23.246880136905,35457,36977,-23.1751881663,39779,41494,-23.235397490671,44130,46001,-22.768452115909,48576,50461,-23.192328874099,53142,54959,-12.285505175067,57803,59563,-23.310472190722,62717,64070,-23.077850325446,66624,68482,-23.019776175424,70954,72297,-2.69577692868901,73489,86400,0,NaN,NaN,NaN,59.4136641937015,15,-23.349469656462
0,66640,-23.152672285765,69093,70159,-5.67793224451799,71354,86400,0,NaN,NaN,NaN,NaN,NaN,NaN,NaN,NaN,NaN,NaN,NaN,NaN,NaN,NaN,NaN,NaN,NaN,NaN,NaN,NaN,NaN,NaN,NaN,NaN,NaN,NaN,NaN,NaN,NaN,NaN,NaN,NaN,NaN,NaN,NaN,NaN,NaN,NaN,NaN,95.7581018518518,3,-23.152672285765
0,18796,-22.896734108355,20652,86400,0,NaN,NaN,NaN,NaN,NaN,NaN,NaN,NaN,NaN,NaN,NaN,NaN,NaN,NaN,NaN,NaN,NaN,NaN,NaN,NaN,NaN,NaN,NaN,NaN,NaN,NaN,NaN,NaN,NaN,NaN,NaN,NaN,NaN,NaN,NaN,NaN,NaN,NaN,NaN,NaN,NaN,NaN,97.8518767143899,2,-22.896734108355
0,73070,-72.745832821287,76219,86400,0,NaN,NaN,NaN,NaN,NaN,NaN,NaN,NaN,NaN,NaN,NaN,NaN,NaN,NaN,NaN,NaN,NaN,NaN,NaN,NaN,NaN,NaN,NaN,NaN,NaN,NaN,NaN,NaN,NaN,NaN,NaN,NaN,NaN,NaN,NaN,NaN,NaN,NaN,NaN,NaN,NaN,NaN,96.3553240740741,2,-72.745832821287
0,17999,-161.681430639444,82799,86400,0,NaN,NaN,NaN,NaN,NaN,NaN,NaN,NaN,NaN,NaN,NaN,NaN,NaN,NaN,NaN,NaN,NaN,NaN,NaN,NaN,NaN,NaN,NaN,NaN,NaN,NaN,NaN,NaN,NaN,NaN,NaN,NaN,NaN,NaN,NaN,NaN,NaN,NaN,NaN,NaN,NaN,NaN,25,2,-161.681430639444
0,17999,-5.22912950581298,51663,53204,-23.316805474211,55882,57756,-22.852611637887,60565,62236,-23.356044547527,64998,66730,-23.121108941956,69149,70535,-11.556472721786,82799,86400,0,NaN,NaN,NaN,NaN,NaN,NaN,NaN,NaN,NaN,NaN,NaN,NaN,NaN,NaN,NaN,NaN,NaN,NaN,NaN,NaN,NaN,NaN,NaN,NaN,NaN,NaN,NaN,34.6701388888889,7,-23.356044547527
0,17999,-19.519680052405,33178,35063,-23.159115548071,37588,39572,-23.22224802229,42271,44218,-22.98977657006,46879,48025,-3.9914328484,82799,86400,0,NaN,NaN,NaN,NaN,NaN,NaN,NaN,NaN,NaN,NaN,NaN,NaN,NaN,NaN,NaN,NaN,NaN,NaN,NaN,NaN,NaN,NaN,NaN,NaN,NaN,NaN,NaN,NaN,NaN,NaN,33.0578703703704,6,-23.22224802229
0,47786,-26.102734798326,50290,52346,-27.557774814088,54988,56854,-33.415346256887,60570,62187,-26.7381812446901,65017,66610,-27.81814361851,69484,71103,-32.345946623378,74315,76506,-26.165047892269,78986,81010,-5.37446841139601,82294,86400,0,NaN,NaN,NaN,NaN,NaN,NaN,NaN,NaN,NaN,NaN,NaN,NaN,NaN,NaN,NaN,NaN,NaN,NaN,NaN,NaN,NaN,74.8078703703704,9,-33.415346256887
0,17999,-108.910994519929,82799,86400,0,NaN,NaN,NaN,NaN,NaN,NaN,NaN,NaN,NaN,NaN,NaN,NaN,NaN,NaN,NaN,NaN,NaN,NaN,NaN,NaN,NaN,NaN,NaN,NaN,NaN,NaN,NaN,NaN,NaN,NaN,NaN,NaN,NaN,NaN,NaN,NaN,NaN,NaN,NaN,NaN,NaN,NaN,25.3622685185185,2,-108.910994519929
0,17999,-89.901573313962,73849,75979,-63.5885676616,82799,86400,0,NaN,NaN,NaN,NaN,NaN,NaN,NaN,NaN,NaN,NaN,NaN,NaN,NaN,NaN,NaN,NaN,NaN,NaN,NaN,NaN,NaN,NaN,NaN,NaN,NaN,NaN,NaN,NaN,NaN,NaN,NaN,NaN,NaN,NaN,NaN,NaN,NaN,NaN,NaN,27.4652777777778,3,-89.901573313962
0,17999,-16.230363035312,19333,20886,-23.107627268294,22869,24433,-23.218493348877,26545,27835,-23.316044279563,30651,32399,-23.124408042212,35143,36911,-18.005062010009,62397,64159,-23.325450470006,66557,68624,-22.851479999922,70958,72229,-7.55780126996299,82799,86400,0,NaN,NaN,NaN,NaN,NaN,NaN,NaN,NaN,NaN,NaN,NaN,NaN,NaN,NaN,NaN,NaN,NaN,NaN,40.2946725153644,10,-23.325450470006
0,24023,-280.626243818215,58591,86400,0,NaN,NaN,NaN,NaN,NaN,NaN,NaN,NaN,NaN,NaN,NaN,NaN,NaN,NaN,NaN,NaN,NaN,NaN,NaN,NaN,NaN,NaN,NaN,NaN,NaN,NaN,NaN,NaN,NaN,NaN,NaN,NaN,NaN,NaN,NaN,NaN,NaN,NaN,NaN,NaN,NaN,NaN,59.9912038055115,2,-280.626243818215
0,17999,-367.900689335883,71043,73393,-5.4869903404184,75163,86400,0,NaN,NaN,NaN,NaN,NaN,NaN,NaN,NaN,NaN,NaN,NaN,NaN,NaN,NaN,NaN,NaN,NaN,NaN,NaN,NaN,NaN,NaN,NaN,NaN,NaN,NaN,NaN,NaN,NaN,NaN,NaN,NaN,NaN,NaN,NaN,NaN,NaN,NaN,NaN,36.2083333333333,3,-367.900689335883
0,17999,-308.905936096069,71121,74368,-4.20408018774501,75191,77876,-6.23593632315401,82799,86400,0,NaN,NaN,NaN,NaN,NaN,NaN,NaN,NaN,NaN,NaN,NaN,NaN,NaN,NaN,NaN,NaN,NaN,NaN,NaN,NaN,NaN,NaN,NaN,NaN,NaN,NaN,NaN,NaN,NaN,NaN,NaN,NaN,NaN,NaN,NaN,NaN,31.8657407407407,4,-308.905936096069
0,17999,-31.932818099169,82799,86400,0,NaN,NaN,NaN,NaN,NaN,NaN,NaN,NaN,NaN,NaN,NaN,NaN,NaN,NaN,NaN,NaN,NaN,NaN,NaN,NaN,NaN,NaN,NaN,NaN,NaN,NaN,NaN,NaN,NaN,NaN,NaN,NaN,NaN,NaN,NaN,NaN,NaN,NaN,NaN,NaN,NaN,NaN,25.7789351851852,2,-31.932818099169
0,17999,-160.779450031456,82799,86400,0,NaN,NaN,NaN,NaN,NaN,NaN,NaN,NaN,NaN,NaN,NaN,NaN,NaN,NaN,NaN,NaN,NaN,NaN,NaN,NaN,NaN,NaN,NaN,NaN,NaN,NaN,NaN,NaN,NaN,NaN,NaN,NaN,NaN,NaN,NaN,NaN,NaN,NaN,NaN,NaN,NaN,NaN,25.2974537037037,2,-160.779450031456
0,17999,-24.642660368402,38601,40253,-75.358636117423,48043,49345,-77.812749042619,58483,60141,-46.579132844132,82799,86400,0,NaN,NaN,NaN,NaN,NaN,NaN,NaN,NaN,NaN,NaN,NaN,NaN,NaN,NaN,NaN,NaN,NaN,NaN,NaN,NaN,NaN,NaN,NaN,NaN,NaN,NaN,NaN,NaN,NaN,NaN,NaN,NaN,NaN,30.337962962963,5,-77.812749042619
0,17999,-172.419687119839,71216,72340,-15.209496375671,82799,86400,0,NaN,NaN,NaN,NaN,NaN,NaN,NaN,NaN,NaN,NaN,NaN,NaN,NaN,NaN,NaN,NaN,NaN,NaN,NaN,NaN,NaN,NaN,NaN,NaN,NaN,NaN,NaN,NaN,NaN,NaN,NaN,NaN,NaN,NaN,NaN,NaN,NaN,NaN,NaN,26.4143518518519,3,-172.419687119839
0,35055,-5.47215351288901,44083,86400,0,NaN,NaN,NaN,NaN,NaN,NaN,NaN,NaN,NaN,NaN,NaN,NaN,NaN,NaN,NaN,NaN,NaN,NaN,NaN,NaN,NaN,NaN,NaN,NaN,NaN,NaN,NaN,NaN,NaN,NaN,NaN,NaN,NaN,NaN,NaN,NaN,NaN,NaN,NaN,NaN,NaN,NaN,89.5509259259259,2,-5.47215351288901
0,17999,-232.655237395856,80667,86400,0,NaN,NaN,NaN,NaN,NaN,NaN,NaN,NaN,NaN,NaN,NaN,NaN,NaN,NaN,NaN,NaN,NaN,NaN,NaN,NaN,NaN,NaN,NaN,NaN,NaN,NaN,NaN,NaN,NaN,NaN,NaN,NaN,NaN,NaN,NaN,NaN,NaN,NaN,NaN,NaN,NaN,NaN,28.0115740740741,2,-232.655237395856
0,22142,-317.882512333185,71509,72439,-5.1844519907152,73239,86400,0,NaN,NaN,NaN,NaN,NaN,NaN,NaN,NaN,NaN,NaN,NaN,NaN,NaN,NaN,NaN,NaN,NaN,NaN,NaN,NaN,NaN,NaN,NaN,NaN,NaN,NaN,NaN,NaN,NaN,NaN,NaN,NaN,NaN,NaN,NaN,NaN,NaN,NaN,NaN,41.9370146178864,3,-317.882512333185
0,17999,-54.202823768852,64227,65628,-72.109726722887,73212,74288,-61.118645189992,78293,80099,-2.258488968851,82799,86400,0,NaN,NaN,NaN,NaN,NaN,NaN,NaN,NaN,NaN,NaN,NaN,NaN,NaN,NaN,NaN,NaN,NaN,NaN,NaN,NaN,NaN,NaN,NaN,NaN,NaN,NaN,NaN,NaN,NaN,NaN,NaN,NaN,NaN,29.9571759259259,5,-72.109726722887
0,17999,-36.878837814226,79324,82039,-6.94331977217604,82799,86400,0,NaN,NaN,NaN,NaN,NaN,NaN,NaN,NaN,NaN,NaN,NaN,NaN,NaN,NaN,NaN,NaN,NaN,NaN,NaN,NaN,NaN,NaN,NaN,NaN,NaN,NaN,NaN,NaN,NaN,NaN,NaN,NaN,NaN,NaN,NaN,NaN,NaN,NaN,NaN,28.1423611111111,3,-36.878837814226
0,17999,-51.063596256778,71114,72217,-9.03835671630202,82799,86400,0,NaN,NaN,NaN,NaN,NaN,NaN,NaN,NaN,NaN,NaN,NaN,NaN,NaN,NaN,NaN,NaN,NaN,NaN,NaN,NaN,NaN,NaN,NaN,NaN,NaN,NaN,NaN,NaN,NaN,NaN,NaN,NaN,NaN,NaN,NaN,NaN,NaN,NaN,NaN,26.3321759259259,3,-51.063596256778
0,23947,-92.19679718981,32812,34785,-86.860157612481,64853,66965,-95.122826261255,72429,74603,-2.862102473969,82799,86400,0,NaN,NaN,NaN,NaN,NaN,NaN,NaN,NaN,NaN,NaN,NaN,NaN,NaN,NaN,NaN,NaN,NaN,NaN,NaN,NaN,NaN,NaN,NaN,NaN,NaN,NaN,NaN,NaN,NaN,NaN,NaN,NaN,NaN,39.1291767456395,5,-95.122826261255
0,25313,-187.563208041108,58626,86400,0,NaN,NaN,NaN,NaN,NaN,NaN,NaN,NaN,NaN,NaN,NaN,NaN,NaN,NaN,NaN,NaN,NaN,NaN,NaN,NaN,NaN,NaN,NaN,NaN,NaN,NaN,NaN,NaN,NaN,NaN,NaN,NaN,NaN,NaN,NaN,NaN,NaN,NaN,NaN,NaN,NaN,NaN,61.443733290124,2,-187.563208041108
0,17999,-4.70910307043602,32319,46977,-320.391060842608,82799,86400,0,NaN,NaN,NaN,NaN,NaN,NaN,NaN,NaN,NaN,NaN,NaN,NaN,NaN,NaN,NaN,NaN,NaN,NaN,NaN,NaN,NaN,NaN,NaN,NaN,NaN,NaN,NaN,NaN,NaN,NaN,NaN,NaN,NaN,NaN,NaN,NaN,NaN,NaN,NaN,42.6770833333333,3,-320.391060842608
0,57457,-244.25920112652,76289,76971,-5.254864980093,77609,86400,0,NaN,NaN,NaN,NaN,NaN,NaN,NaN,NaN,NaN,NaN,NaN,NaN,NaN,NaN,NaN,NaN,NaN,NaN,NaN,NaN,NaN,NaN,NaN,NaN,NaN,NaN,NaN,NaN,NaN,NaN,NaN,NaN,NaN,NaN,NaN,NaN,NaN,NaN,NaN,77.4652777777778,3,-244.25920112652
0,17999,-234.644371411621,70516,71254,-15.70284260884,82799,86400,0,NaN,NaN,NaN,NaN,NaN,NaN,NaN,NaN,NaN,NaN,NaN,NaN,NaN,NaN,NaN,NaN,NaN,NaN,NaN,NaN,NaN,NaN,NaN,NaN,NaN,NaN,NaN,NaN,NaN,NaN,NaN,NaN,NaN,NaN,NaN,NaN,NaN,NaN,NaN,26.025462962963,3,-234.644371411621
0,17999,-130.359585752378,77869,78718,-2.82050113814699,82799,86400,0,NaN,NaN,NaN,NaN,NaN,NaN,NaN,NaN,NaN,NaN,NaN,NaN,NaN,NaN,NaN,NaN,NaN,NaN,NaN,NaN,NaN,NaN,NaN,NaN,NaN,NaN,NaN,NaN,NaN,NaN,NaN,NaN,NaN,NaN,NaN,NaN,NaN,NaN,NaN,25.9525462962963,3,-130.359585752378
0,17999,-32.984559864037,21983,86400,0,NaN,NaN,NaN,NaN,NaN,NaN,NaN,NaN,NaN,NaN,NaN,NaN,NaN,NaN,NaN,NaN,NaN,NaN,NaN,NaN,NaN,NaN,NaN,NaN,NaN,NaN,NaN,NaN,NaN,NaN,NaN,NaN,NaN,NaN,NaN,NaN,NaN,NaN,NaN,NaN,NaN,NaN,95.3889422576128,2,-32.984559864037
0,17999,-205.874036556488,82799,86400,0,NaN,NaN,NaN,NaN,NaN,NaN,NaN,NaN,NaN,NaN,NaN,NaN,NaN,NaN,NaN,NaN,NaN,NaN,NaN,NaN,NaN,NaN,NaN,NaN,NaN,NaN,NaN,NaN,NaN,NaN,NaN,NaN,NaN,NaN,NaN,NaN,NaN,NaN,NaN,NaN,NaN,NaN,25,2,-205.874036556488
0,17999,-207.315002306496,82799,86400,0,NaN,NaN,NaN,NaN,NaN,NaN,NaN,NaN,NaN,NaN,NaN,NaN,NaN,NaN,NaN,NaN,NaN,NaN,NaN,NaN,NaN,NaN,NaN,NaN,NaN,NaN,NaN,NaN,NaN,NaN,NaN,NaN,NaN,NaN,NaN,NaN,NaN,NaN,NaN,NaN,NaN,NaN,25,2,-207.315002306496
0,32440,-23.317065014568,35159,36963,-23.017764226693,39693,41397,-23.253071900264,43833,46019,-18.77062563402,47979,86400,0,NaN,NaN,NaN,NaN,NaN,NaN,NaN,NaN,NaN,NaN,NaN,NaN,NaN,NaN,NaN,NaN,NaN,NaN,NaN,NaN,NaN,NaN,NaN,NaN,NaN,NaN,NaN,NaN,NaN,NaN,NaN,NaN,NaN,88.6053240740741,5,-23.317065014568
0,17999,-52.68637225833,42338,43626,-78.145092758876,51442,52633,-77.97629741753,60582,61711,-77.724664382284,69609,70643,-76.5314461274965,78456,86400,0,NaN,NaN,NaN,NaN,NaN,NaN,NaN,NaN,NaN,NaN,NaN,NaN,NaN,NaN,NaN,NaN,NaN,NaN,NaN,NaN,NaN,NaN,NaN,NaN,NaN,NaN,NaN,NaN,NaN,NaN,35.1550925925926,6,-78.145092758876
0,25330,-24.831165553069,27895,28941,-24.576311480367,31761,33451,-24.885094808826,36130,37889,-24.861301358659,40833,42481,-24.658775799758,45630,46920,-25.151358317426,49793,51398,-24.764112213032,54035,55887,-24.540726806644,58702,60417,-24.617085302763,63173,64903,-24.507477298852,67516,69487,-23.890057451731,71556,72977,-23.623953258512,75120,76659,-24.3762324576613,78857,80226,-24.3699668712357,82422,86400,0,NaN,NaN,NaN,57.6741009942015,15,-25.151358317426
0,17999,-4.43131299939802,58345,59535,-23.95319160419,62761,63957,-24.05104313047,66682,68463,-23.695831816155,70911,72796,-8.47837870347399,82799,86400,0,NaN,NaN,NaN,NaN,NaN,NaN,NaN,NaN,NaN,NaN,NaN,NaN,NaN,NaN,NaN,NaN,NaN,NaN,NaN,NaN,NaN,NaN,NaN,NaN,NaN,NaN,NaN,NaN,NaN,NaN,32.1643518518519,6,-24.05104313047
0,39959,-132.020044889034,52685,86400,0,NaN,NaN,NaN,NaN,NaN,NaN,NaN,NaN,NaN,NaN,NaN,NaN,NaN,NaN,NaN,NaN,NaN,NaN,NaN,NaN,NaN,NaN,NaN,NaN,NaN,NaN,NaN,NaN,NaN,NaN,NaN,NaN,NaN,NaN,NaN,NaN,NaN,NaN,NaN,NaN,NaN,NaN,85.2650462962963,2,-132.020044889034
0,17999,-35.490832723442,36744,38448,-77.760356101737,46017,47784,-78.181701834479,56899,58248,-77.830528911382,65825,67363,-77.6859716890902,74814,75746,-5.09000889611529,76771,86400,0,NaN,NaN,NaN,NaN,NaN,NaN,NaN,NaN,NaN,NaN,NaN,NaN,NaN,NaN,NaN,NaN,NaN,NaN,NaN,NaN,NaN,NaN,NaN,NaN,NaN,NaN,NaN,40.4143518518519,7,-78.181701834479
0,19677,-189.742578999237,35068,69999,-5.16210580535102,71025,86400,0,NaN,NaN,NaN,NaN,NaN,NaN,NaN,NaN,NaN,NaN,NaN,NaN,NaN,NaN,NaN,NaN,NaN,NaN,NaN,NaN,NaN,NaN,NaN,NaN,NaN,NaN,NaN,NaN,NaN,NaN,NaN,NaN,NaN,NaN,NaN,NaN,NaN,NaN,NaN,80.9990625108506,3,-189.742578999237
0,17999,-235.150717513544,70704,72050,-5.0788102233,72764,74361,-10.389198575813,82799,86400,0,NaN,NaN,NaN,NaN,NaN,NaN,NaN,NaN,NaN,NaN,NaN,NaN,NaN,NaN,NaN,NaN,NaN,NaN,NaN,NaN,NaN,NaN,NaN,NaN,NaN,NaN,NaN,NaN,NaN,NaN,NaN,NaN,NaN,NaN,NaN,NaN,28.40625,4,-235.150717513544
0,17999,-139.510061486146,82799,86400,0,NaN,NaN,NaN,NaN,NaN,NaN,NaN,NaN,NaN,NaN,NaN,NaN,NaN,NaN,NaN,NaN,NaN,NaN,NaN,NaN,NaN,NaN,NaN,NaN,NaN,NaN,NaN,NaN,NaN,NaN,NaN,NaN,NaN,NaN,NaN,NaN,NaN,NaN,NaN,NaN,NaN,NaN,25.2210648148148,2,-139.510061486146
0,17999,-33.7419292917129,82799,86400,0,NaN,NaN,NaN,NaN,NaN,NaN,NaN,NaN,NaN,NaN,NaN,NaN,NaN,NaN,NaN,NaN,NaN,NaN,NaN,NaN,NaN,NaN,NaN,NaN,NaN,NaN,NaN,NaN,NaN,NaN,NaN,NaN,NaN,NaN,NaN,NaN,NaN,NaN,NaN,NaN,NaN,NaN,25.0008680455087,2,-33.7419292917129
0,17999,-124.000612325401,71922,75574,-3.97705582711302,82799,86400,0,NaN,NaN,NaN,NaN,NaN,NaN,NaN,NaN,NaN,NaN,NaN,NaN,NaN,NaN,NaN,NaN,NaN,NaN,NaN,NaN,NaN,NaN,NaN,NaN,NaN,NaN,NaN,NaN,NaN,NaN,NaN,NaN,NaN,NaN,NaN,NaN,NaN,NaN,NaN,29.2268518518519,3,-124.000612325401
0,17999,-6.55880873680798,41013,43156,-23.386350963456,45980,47832,-23.36539815626,50226,52327,-23.41623509992,55006,56711,-23.37708092051,59543,61312,-23.369902145032,64545,65710,-6.57392344673002,82799,86400,0,NaN,NaN,NaN,NaN,NaN,NaN,NaN,NaN,NaN,NaN,NaN,NaN,NaN,NaN,NaN,NaN,NaN,NaN,NaN,NaN,NaN,NaN,NaN,NaN,37.4247685185185,8,-23.41623509992
0,17999,-360.06739558385,76532,86400,0,NaN,NaN,NaN,NaN,NaN,NaN,NaN,NaN,NaN,NaN,NaN,NaN,NaN,NaN,NaN,NaN,NaN,NaN,NaN,NaN,NaN,NaN,NaN,NaN,NaN,NaN,NaN,NaN,NaN,NaN,NaN,NaN,NaN,NaN,NaN,NaN,NaN,NaN,NaN,NaN,NaN,NaN,32.2534722222222,2,-360.06739558385
0,18944,-24.961507300822,20990,22582,-24.900062577032,24816,26164,-24.965654274031,28782,30653,-24.935034417157,33346,35141,-24.969679974276,37763,39643,-24.972602436256,42411,44505,-24.937273123829,47222,49115,-24.971980714909,51963,53484,-24.956298664453,56214,57660,-25.063633056249,61015,62180,-24.94802266363,65220,66622,-24.975623381462,69266,70375,-5.21796950765351,71588,86400,0,NaN,NaN,NaN,NaN,NaN,NaN,61.1948935776206,14,-25.063633056249
0,17999,-43.241018783967,60396,69732,-5.18728475200896,70943,72522,-9.958592135657,82799,86400,0,NaN,NaN,NaN,NaN,NaN,NaN,NaN,NaN,NaN,NaN,NaN,NaN,NaN,NaN,NaN,NaN,NaN,NaN,NaN,NaN,NaN,NaN,NaN,NaN,NaN,NaN,NaN,NaN,NaN,NaN,NaN,NaN,NaN,NaN,NaN,NaN,37.6331018518519,4,-43.241018783967
0,58022,-311.006087206457,82799,86400,0,NaN,NaN,NaN,NaN,NaN,NaN,NaN,NaN,NaN,NaN,NaN,NaN,NaN,NaN,NaN,NaN,NaN,NaN,NaN,NaN,NaN,NaN,NaN,NaN,NaN,NaN,NaN,NaN,NaN,NaN,NaN,NaN,NaN,NaN,NaN,NaN,NaN,NaN,NaN,NaN,NaN,NaN,71.3229166666667,2,-311.006087206457
0,43190,-32.020300259954,44267,50910,-31.918783255027,51985,54790,-19.213581224238,55553,86400,0,NaN,NaN,NaN,NaN,NaN,NaN,NaN,NaN,NaN,NaN,NaN,NaN,NaN,NaN,NaN,NaN,NaN,NaN,NaN,NaN,NaN,NaN,NaN,NaN,NaN,NaN,NaN,NaN,NaN,NaN,NaN,NaN,NaN,NaN,NaN,NaN,95.6122685185185,4,-32.020300259954
0,17999,-224.291188750418,82799,86400,0,NaN,NaN,NaN,NaN,NaN,NaN,NaN,NaN,NaN,NaN,NaN,NaN,NaN,NaN,NaN,NaN,NaN,NaN,NaN,NaN,NaN,NaN,NaN,NaN,NaN,NaN,NaN,NaN,NaN,NaN,NaN,NaN,NaN,NaN,NaN,NaN,NaN,NaN,NaN,NaN,NaN,NaN,25,2,-224.291188750418
0,17999,-43.88685148164,53691,56108,-92.198311283435,64982,66911,-95.1847876877,72497,73521,-43.202138573197,82799,86400,0,NaN,NaN,NaN,NaN,NaN,NaN,NaN,NaN,NaN,NaN,NaN,NaN,NaN,NaN,NaN,NaN,NaN,NaN,NaN,NaN,NaN,NaN,NaN,NaN,NaN,NaN,NaN,NaN,NaN,NaN,NaN,NaN,NaN,31.4594907407407,5,-95.1847876877
0,17999,-55.877882120352,36049,38514,-91.969299775312,46892,48026,-29.840864064674,82799,86400,0,NaN,NaN,NaN,NaN,NaN,NaN,NaN,NaN,NaN,NaN,NaN,NaN,NaN,NaN,NaN,NaN,NaN,NaN,NaN,NaN,NaN,NaN,NaN,NaN,NaN,NaN,NaN,NaN,NaN,NaN,NaN,NaN,NaN,NaN,NaN,NaN,29.1655092592593,4,-91.969299775312
0,17999,-369.537611086484,82799,86400,0,NaN,NaN,NaN,NaN,NaN,NaN,NaN,NaN,NaN,NaN,NaN,NaN,NaN,NaN,NaN,NaN,NaN,NaN,NaN,NaN,NaN,NaN,NaN,NaN,NaN,NaN,NaN,NaN,NaN,NaN,NaN,NaN,NaN,NaN,NaN,NaN,NaN,NaN,NaN,NaN,NaN,NaN,25.3483796296296,2,-369.537611086484
0,18964,-24.671664328409,21063,22542,-24.376609218133,24831,26153,-24.717249881266,28787,30646,-24.636062664454,33270,35141,-24.121036001121,37695,39692,-24.297803989439,42128,44220,-24.28140352498,47144,48690,-24.564717582804,51406,53171,-24.589850284872,55985,57692,-24.63536865653,60658,62167,-24.585901782557,65177,66667,-24.6117999232588,69229,73717,-5.4625809924088,74831,86400,0,NaN,NaN,NaN,NaN,NaN,NaN,62.1046052707723,14,-24.717249881266
0,25356,-249.677885921352,67619,68523,-4.283477545284,69989,86400,0,NaN,NaN,NaN,NaN,NaN,NaN,NaN,NaN,NaN,NaN,NaN,NaN,NaN,NaN,NaN,NaN,NaN,NaN,NaN,NaN,NaN,NaN,NaN,NaN,NaN,NaN,NaN,NaN,NaN,NaN,NaN,NaN,NaN,NaN,NaN,NaN,NaN,NaN,NaN,49.3877314814815,3,-249.677885921352
0,17999,-59.969427979068,72222,79862,-5.76319718028697,82799,86400,0,NaN,NaN,NaN,NaN,NaN,NaN,NaN,NaN,NaN,NaN,NaN,NaN,NaN,NaN,NaN,NaN,NaN,NaN,NaN,NaN,NaN,NaN,NaN,NaN,NaN,NaN,NaN,NaN,NaN,NaN,NaN,NaN,NaN,NaN,NaN,NaN,NaN,NaN,NaN,34.4085648148148,3,-59.969427979068
0,25473,-124.977322009419,68778,86400,0,NaN,NaN,NaN,NaN,NaN,NaN,NaN,NaN,NaN,NaN,NaN,NaN,NaN,NaN,NaN,NaN,NaN,NaN,NaN,NaN,NaN,NaN,NaN,NaN,NaN,NaN,NaN,NaN,NaN,NaN,NaN,NaN,NaN,NaN,NaN,NaN,NaN,NaN,NaN,NaN,NaN,NaN,49.8790523257833,2,-124.977322009419
0,19112,-189.120713133537,35056,55730,-257.578183621158,75262,86400,0,NaN,NaN,NaN,NaN,NaN,NaN,NaN,NaN,NaN,NaN,NaN,NaN,NaN,NaN,NaN,NaN,NaN,NaN,NaN,NaN,NaN,NaN,NaN,NaN,NaN,NaN,NaN,NaN,NaN,NaN,NaN,NaN,NaN,NaN,NaN,NaN,NaN,NaN,NaN,58.9402900429393,3,-257.578183621158
0,17999,-359.069115532581,71117,72036,-11.7619002246088,82799,86400,0,NaN,NaN,NaN,NaN,NaN,NaN,NaN,NaN,NaN,NaN,NaN,NaN,NaN,NaN,NaN,NaN,NaN,NaN,NaN,NaN,NaN,NaN,NaN,NaN,NaN,NaN,NaN,NaN,NaN,NaN,NaN,NaN,NaN,NaN,NaN,NaN,NaN,NaN,NaN,26.1018518518519,3,-359.069115532581
0,17999,-214.369126202872,82799,86400,0,NaN,NaN,NaN,NaN,NaN,NaN,NaN,NaN,NaN,NaN,NaN,NaN,NaN,NaN,NaN,NaN,NaN,NaN,NaN,NaN,NaN,NaN,NaN,NaN,NaN,NaN,NaN,NaN,NaN,NaN,NaN,NaN,NaN,NaN,NaN,NaN,NaN,NaN,NaN,NaN,NaN,NaN,25.5706018518519,2,-214.369126202872
0,25383,-247.02747159235,69432,86400,0,NaN,NaN,NaN,NaN,NaN,NaN,NaN,NaN,NaN,NaN,NaN,NaN,NaN,NaN,NaN,NaN,NaN,NaN,NaN,NaN,NaN,NaN,NaN,NaN,NaN,NaN,NaN,NaN,NaN,NaN,NaN,NaN,NaN,NaN,NaN,NaN,NaN,NaN,NaN,NaN,NaN,NaN,49.3593824145554,2,-247.02747159235
0,25345,-83.023080810276,38832,86400,0,NaN,NaN,NaN,NaN,NaN,NaN,NaN,NaN,NaN,NaN,NaN,NaN,NaN,NaN,NaN,NaN,NaN,NaN,NaN,NaN,NaN,NaN,NaN,NaN,NaN,NaN,NaN,NaN,NaN,NaN,NaN,NaN,NaN,NaN,NaN,NaN,NaN,NaN,NaN,NaN,NaN,NaN,84.3902269649657,2,-83.023080810276
0,17999,-43.934244188108,82799,86400,0,NaN,NaN,NaN,NaN,NaN,NaN,NaN,NaN,NaN,NaN,NaN,NaN,NaN,NaN,NaN,NaN,NaN,NaN,NaN,NaN,NaN,NaN,NaN,NaN,NaN,NaN,NaN,NaN,NaN,NaN,NaN,NaN,NaN,NaN,NaN,NaN,NaN,NaN,NaN,NaN,NaN,NaN,25.53125,2,-43.934244188108
0,25369,-143.704683256692,49320,86400,0,NaN,NaN,NaN,NaN,NaN,NaN,NaN,NaN,NaN,NaN,NaN,NaN,NaN,NaN,NaN,NaN,NaN,NaN,NaN,NaN,NaN,NaN,NaN,NaN,NaN,NaN,NaN,NaN,NaN,NaN,NaN,NaN,NaN,NaN,NaN,NaN,NaN,NaN,NaN,NaN,NaN,NaN,72.2792560271293,2,-143.704683256692
0,17999,-5.18681108147899,82799,86400,0,NaN,NaN,NaN,NaN,NaN,NaN,NaN,NaN,NaN,NaN,NaN,NaN,NaN,NaN,NaN,NaN,NaN,NaN,NaN,NaN,NaN,NaN,NaN,NaN,NaN,NaN,NaN,NaN,NaN,NaN,NaN,NaN,NaN,NaN,NaN,NaN,NaN,NaN,NaN,NaN,NaN,NaN,25.2488425925926,2,-5.18681108147899
0,25326,-126.745400936132,46872,86400,0,NaN,NaN,NaN,NaN,NaN,NaN,NaN,NaN,NaN,NaN,NaN,NaN,NaN,NaN,NaN,NaN,NaN,NaN,NaN,NaN,NaN,NaN,NaN,NaN,NaN,NaN,NaN,NaN,NaN,NaN,NaN,NaN,NaN,NaN,NaN,NaN,NaN,NaN,NaN,NaN,NaN,NaN,75.0625,2,-126.745400936132
0,17999,-163.798034052254,82799,86400,0,NaN,NaN,NaN,NaN,NaN,NaN,NaN,NaN,NaN,NaN,NaN,NaN,NaN,NaN,NaN,NaN,NaN,NaN,NaN,NaN,NaN,NaN,NaN,NaN,NaN,NaN,NaN,NaN,NaN,NaN,NaN,NaN,NaN,NaN,NaN,NaN,NaN,NaN,NaN,NaN,NaN,NaN,25,2,-163.798034052254
0,17999,-215.230088198374,82799,86400,0,NaN,NaN,NaN,NaN,NaN,NaN,NaN,NaN,NaN,NaN,NaN,NaN,NaN,NaN,NaN,NaN,NaN,NaN,NaN,NaN,NaN,NaN,NaN,NaN,NaN,NaN,NaN,NaN,NaN,NaN,NaN,NaN,NaN,NaN,NaN,NaN,NaN,NaN,NaN,NaN,NaN,NaN,25.5266203703704,2,-215.230088198374
0,25361,-146.087147323262,50268,86400,0,NaN,NaN,NaN,NaN,NaN,NaN,NaN,NaN,NaN,NaN,NaN,NaN,NaN,NaN,NaN,NaN,NaN,NaN,NaN,NaN,NaN,NaN,NaN,NaN,NaN,NaN,NaN,NaN,NaN,NaN,NaN,NaN,NaN,NaN,NaN,NaN,NaN,NaN,NaN,NaN,NaN,NaN,71.1727873519983,2,-146.087147323262
0,25262,-259.357416975049,70035,86400,0,NaN,NaN,NaN,NaN,NaN,NaN,NaN,NaN,NaN,NaN,NaN,NaN,NaN,NaN,NaN,NaN,NaN,NaN,NaN,NaN,NaN,NaN,NaN,NaN,NaN,NaN,NaN,NaN,NaN,NaN,NaN,NaN,NaN,NaN,NaN,NaN,NaN,NaN,NaN,NaN,NaN,NaN,48.6736111111111,2,-259.357416975049
0,17999,-219.708402632468,82799,86400,0,NaN,NaN,NaN,NaN,NaN,NaN,NaN,NaN,NaN,NaN,NaN,NaN,NaN,NaN,NaN,NaN,NaN,NaN,NaN,NaN,NaN,NaN,NaN,NaN,NaN,NaN,NaN,NaN,NaN,NaN,NaN,NaN,NaN,NaN,NaN,NaN,NaN,NaN,NaN,NaN,NaN,NaN,25,2,-219.708402632468
0,17999,-187.077718633168,68707,69652,-20.834343805609,82799,86400,0,NaN,NaN,NaN,NaN,NaN,NaN,NaN,NaN,NaN,NaN,NaN,NaN,NaN,NaN,NaN,NaN,NaN,NaN,NaN,NaN,NaN,NaN,NaN,NaN,NaN,NaN,NaN,NaN,NaN,NaN,NaN,NaN,NaN,NaN,NaN,NaN,NaN,NaN,NaN,26.2233796296296,3,-187.077718633168
0,17999,-102.30418510003,69314,86400,0,NaN,NaN,NaN,NaN,NaN,NaN,NaN,NaN,NaN,NaN,NaN,NaN,NaN,NaN,NaN,NaN,NaN,NaN,NaN,NaN,NaN,NaN,NaN,NaN,NaN,NaN,NaN,NaN,NaN,NaN,NaN,NaN,NaN,NaN,NaN,NaN,NaN,NaN,NaN,NaN,NaN,NaN,41.005787037037,2,-102.30418510003
0,20423,-77.905496098648,27853,29420,-77.77363795905,37004,38391,-77.804794369208,46013,47529,-77.821223757076,56700,58204,-77.8766840200585,66007,67238,-61.6060329824835,73168,86400,0,NaN,NaN,NaN,NaN,NaN,NaN,NaN,NaN,NaN,NaN,NaN,NaN,NaN,NaN,NaN,NaN,NaN,NaN,NaN,NaN,NaN,NaN,NaN,NaN,NaN,NaN,NaN,47.2922767097603,7,-77.905496098648
0,17999,-61.303711726594,71136,72674,-63.354926991296,76152,77948,-8.17802635520599,82799,86400,0,NaN,NaN,NaN,NaN,NaN,NaN,NaN,NaN,NaN,NaN,NaN,NaN,NaN,NaN,NaN,NaN,NaN,NaN,NaN,NaN,NaN,NaN,NaN,NaN,NaN,NaN,NaN,NaN,NaN,NaN,NaN,NaN,NaN,NaN,NaN,NaN,28.8587962962963,4,-63.354926991296
0,20421,-77.862624991628,27909,29456,-81.484723428158,37009,38368,-78.267052724845,45932,86400,0,NaN,NaN,NaN,NaN,NaN,NaN,NaN,NaN,NaN,NaN,NaN,NaN,NaN,NaN,NaN,NaN,NaN,NaN,NaN,NaN,NaN,NaN,NaN,NaN,NaN,NaN,NaN,NaN,NaN,NaN,NaN,NaN,NaN,NaN,NaN,NaN,73.8368055555556,4,-81.484723428158
0,17999,-4.74423415645998,36973,38407,-77.921579916288,45967,47433,-79.375424633419,57013,58236,-77.844292476835,66110,67242,-77.833153899144,74830,86400,0,NaN,NaN,NaN,NaN,NaN,NaN,NaN,NaN,NaN,NaN,NaN,NaN,NaN,NaN,NaN,NaN,NaN,NaN,NaN,NaN,NaN,NaN,NaN,NaN,NaN,NaN,NaN,NaN,NaN,NaN,40.3055555555556,6,-79.375424633419
0,20470,-77.805620082695,27853,29379,-77.831490112269,36943,38387,-77.89353123015,45914,47625,-32.098647384099,50272,86400,0,NaN,NaN,NaN,NaN,NaN,NaN,NaN,NaN,NaN,NaN,NaN,NaN,NaN,NaN,NaN,NaN,NaN,NaN,NaN,NaN,NaN,NaN,NaN,NaN,NaN,NaN,NaN,NaN,NaN,NaN,NaN,NaN,NaN,70.9251050335066,5,-77.89353123015
0,20444,-78.459327500628,27978,29447,-77.834088377557,37017,38393,-77.783722426562,45895,47606,-77.883362918973,56997,58273,-77.8563218617523,65867,67228,-77.8446446712558,74758,86400,0,NaN,NaN,NaN,NaN,NaN,NaN,NaN,NaN,NaN,NaN,NaN,NaN,NaN,NaN,NaN,NaN,NaN,NaN,NaN,NaN,NaN,NaN,NaN,NaN,NaN,NaN,NaN,45.4618055555556,7,-78.459327500628
0,17999,-57.062700835026,36961,38417,-75.707995339617,46078,47935,-73.737763787643,56963,58371,-75.782159940694,65981,67307,-11.161008394809,82799,86400,0,NaN,NaN,NaN,NaN,NaN,NaN,NaN,NaN,NaN,NaN,NaN,NaN,NaN,NaN,NaN,NaN,NaN,NaN,NaN,NaN,NaN,NaN,NaN,NaN,NaN,NaN,NaN,NaN,NaN,NaN,31.9988425925926,6,-75.782159940694
0,17999,-10.492614730761,37431,38309,-79.663084835056,46125,47157,-78.730091150192,55139,56142,-78.623026214034,64338,65153,-78.688445563077,73098,74236,-65.5524547576625,78084,86400,0,NaN,NaN,NaN,NaN,NaN,NaN,NaN,NaN,NaN,NaN,NaN,NaN,NaN,NaN,NaN,NaN,NaN,NaN,NaN,NaN,NaN,NaN,NaN,NaN,NaN,NaN,NaN,36.0891203703704,7,-79.663084835056
0,20191,-78.636092587311,27904,86400,0,NaN,NaN,NaN,NaN,NaN,NaN,NaN,NaN,NaN,NaN,NaN,NaN,NaN,NaN,NaN,NaN,NaN,NaN,NaN,NaN,NaN,NaN,NaN,NaN,NaN,NaN,NaN,NaN,NaN,NaN,NaN,NaN,NaN,NaN,NaN,NaN,NaN,NaN,NaN,NaN,NaN,NaN,91.0730199881946,2,-78.636092587311
0,17999,-32.565317330558,61295,62118,-77.739571159416,69450,70760,-77.675755756213,78199,86400,0,NaN,NaN,NaN,NaN,NaN,NaN,NaN,NaN,NaN,NaN,NaN,NaN,NaN,NaN,NaN,NaN,NaN,NaN,NaN,NaN,NaN,NaN,NaN,NaN,NaN,NaN,NaN,NaN,NaN,NaN,NaN,NaN,NaN,NaN,NaN,NaN,32.7928240740741,4,-77.739571159416
0,17999,-13.066090325239,33130,34710,-77.719571763952,42246,43695,-77.772235138911,51473,53004,-78.963596686504,60666,61829,-77.890482745547,69427,70896,-78.7216681170354,78424,86400,0,NaN,NaN,NaN,NaN,NaN,NaN,NaN,NaN,NaN,NaN,NaN,NaN,NaN,NaN,NaN,NaN,NaN,NaN,NaN,NaN,NaN,NaN,NaN,NaN,NaN,NaN,NaN,38.3877314814815,7,-78.963596686504
0,17999,-13.638274606029,19099,20777,-22.911378676321,22956,24297,-23.132717424301,26575,27884,-22.939765075772,30537,32336,-22.90613217753,35041,36967,-22.981259841412,39363,41333,-22.823780878049,44218,45959,-22.48793041064,48359,50471,-23.242595799377,53131,55073,-23.156294793964,57784,59454,-23.022090331164,62312,63948,-23.155433581,66811,68533,-22.830269334382,70913,86400,0,NaN,NaN,NaN,NaN,NaN,NaN,62.8842592592593,14,-23.242595799377
0,17999,-60.439447550285,38660,40196,-77.85181492079,47723,49151,-76.57446793193,56935,58118,-78.319084458712,65820,67185,-78.1858034871361,74764,86400,0,NaN,NaN,NaN,NaN,NaN,NaN,NaN,NaN,NaN,NaN,NaN,NaN,NaN,NaN,NaN,NaN,NaN,NaN,NaN,NaN,NaN,NaN,NaN,NaN,NaN,NaN,NaN,NaN,NaN,NaN,40.6793981481482,6,-78.319084458712
